[
	{
		"inputs": [
			{
				"internalType": "uint256",
				"name": "_round",
				"type": "uint256"
			}
		],
		"name": "claimRewards",
		"outputs": [],
		"stateMutability": "nonpayable",
		"type": "function"
	},
	{
		"inputs": [],
		"name": "claimTotalRewards",
		"outputs": [],
		"stateMutability": "nonpayable",
		"type": "function"
	},
	{
		"inputs": [
			{
				"internalType": "address",
				"name": "_project",
				"type": "address"
			},
			{
				"internalType": "address",
				"name": "_pair",
				"type": "address"
			},
			{
				"internalType": "uint256",
				"name": "_slippage",
				"type": "uint256"
			},
			{
				"internalType": "string",
				"name": "_description",
				"type": "string"
			},
			{
				"internalType": "string",
				"name": "_name",
				"type": "string"
			},
			{
				"internalType": "uint256",
				"name": "_amount",
				"type": "uint256"
			}
		],
		"name": "createProposal",
		"outputs": [],
		"stateMutability": "nonpayable",
		"type": "function"
	},
	{
		"inputs": [],
		"name": "declareResult",
		"outputs": [],
		"stateMutability": "nonpayable",
		"type": "function"
	},
	{
		"inputs": [],
		"name": "initialize",
		"outputs": [],
		"stateMutability": "nonpayable",
		"type": "function"
	},
	{
		"anonymous": false,
		"inputs": [
			{
				"indexed": true,
				"internalType": "address",
				"name": "previousOwner",
				"type": "address"
			},
			{
				"indexed": true,
				"internalType": "address",
				"name": "newOwner",
				"type": "address"
			}
		],
		"name": "OwnershipTransferred",
		"type": "event"
	},
	{
		"inputs": [
			{
				"internalType": "address",
				"name": "_project",
				"type": "address"
			},
			{
				"internalType": "uint256",
				"name": "_vote",
				"type": "uint256"
			}
		],
		"name": "particpiate",
		"outputs": [],
		"stateMutability": "nonpayable",
		"type": "function"
	},
	{
		"anonymous": false,
		"inputs": [
			{
				"indexed": false,
				"internalType": "address",
				"name": "project",
				"type": "address"
			},
			{
				"indexed": false,
				"internalType": "uint256",
				"name": "created",
				"type": "uint256"
			}
		],
		"name": "ProposalCreated",
		"type": "event"
	},
	{
		"anonymous": false,
		"inputs": [
			{
				"indexed": false,
				"internalType": "address",
				"name": "project",
				"type": "address"
			},
			{
				"indexed": false,
				"internalType": "uint256",
				"name": "updated",
				"type": "uint256"
			},
			{
				"indexed": false,
				"internalType": "address",
				"name": "lastPair",
				"type": "address"
			},
			{
				"indexed": false,
				"internalType": "uint256",
				"name": "lastSlippage",
				"type": "uint256"
			},
			{
				"indexed": false,
				"internalType": "string",
				"name": "lastDescription",
				"type": "string"
			},
			{
				"indexed": false,
				"internalType": "string",
				"name": "name",
				"type": "string"
			}
		],
		"name": "ProposalUpdated",
		"type": "event"
	},
	{
		"inputs": [],
		"name": "recoverETH",
		"outputs": [],
		"stateMutability": "nonpayable",
		"type": "function"
	},
	{
		"inputs": [
			{
				"internalType": "address",
				"name": "token",
				"type": "address"
			},
			{
				"internalType": "uint256",
				"name": "amount",
				"type": "uint256"
			}
		],
		"name": "recoverExcessToken",
		"outputs": [],
		"stateMutability": "nonpayable",
		"type": "function"
	},
	{
		"anonymous": false,
		"inputs": [
			{
				"indexed": false,
				"internalType": "address",
				"name": "token",
				"type": "address"
			},
			{
				"indexed": false,
				"internalType": "uint256",
				"name": "amount",
				"type": "uint256"
			}
		],
		"name": "RecoverToken",
		"type": "event"
	},
	{
		"inputs": [],
		"name": "renounceOwnership",
		"outputs": [],
		"stateMutability": "nonpayable",
		"type": "function"
	},
	{
		"anonymous": false,
		"inputs": [
			{
				"indexed": false,
				"internalType": "address",
				"name": "user",
				"type": "address"
			},
			{
				"indexed": false,
				"internalType": "uint256",
				"name": "amount",
				"type": "uint256"
			},
			{
				"indexed": false,
				"internalType": "uint256",
				"name": "time",
				"type": "uint256"
			}
		],
		"name": "RewardClaimed",
		"type": "event"
	},
	{
		"anonymous": false,
		"inputs": [
			{
				"indexed": false,
				"internalType": "address",
				"name": "user",
				"type": "address"
			},
			{
				"indexed": false,
				"internalType": "uint256",
				"name": "reward",
				"type": "uint256"
			}
		],
		"name": "RewardPaid",
		"type": "event"
	},
	{
		"inputs": [
			{
				"internalType": "address",
				"name": "_cyOp",
				"type": "address"
			}
		],
		"name": "setCyOp",
		"outputs": [],
		"stateMutability": "nonpayable",
		"type": "function"
	},
	{
		"inputs": [
			{
				"internalType": "uint256",
				"name": "_resultTime",
				"type": "uint256"
			}
		],
		"name": "setFinalizeTime",
		"outputs": [],
		"stateMutability": "nonpayable",
		"type": "function"
	},
	{
		"inputs": [
			{
				"internalType": "uint256",
				"name": "_proposalCost",
				"type": "uint256"
			}
		],
		"name": "setProposalCost",
		"outputs": [],
		"stateMutability": "nonpayable",
		"type": "function"
	},
	{
		"inputs": [
			{
				"internalType": "address",
				"name": "_project",
				"type": "address"
			},
			{
				"internalType": "bool",
				"name": "_status",
				"type": "bool"
			}
		],
		"name": "setProposalDeleteStatus",
		"outputs": [],
		"stateMutability": "nonpayable",
		"type": "function"
	},
	{
		"inputs": [
			{
				"internalType": "uint256",
				"name": "amount",
				"type": "uint256"
			}
		],
		"name": "stake",
		"outputs": [],
		"stateMutability": "nonpayable",
		"type": "function"
	},
	{
		"anonymous": false,
		"inputs": [
			{
				"indexed": false,
				"internalType": "address",
				"name": "user",
				"type": "address"
			},
			{
				"indexed": false,
				"internalType": "uint256",
				"name": "amount",
				"type": "uint256"
			}
		],
		"name": "Staked",
		"type": "event"
	},
	{
		"inputs": [],
		"name": "startVoting",
		"outputs": [],
		"stateMutability": "nonpayable",
		"type": "function"
	},
	{
		"inputs": [
			{
				"internalType": "address",
				"name": "newOwner",
				"type": "address"
			}
		],
		"name": "transferOwnership",
		"outputs": [],
		"stateMutability": "nonpayable",
		"type": "function"
	},
	{
		"inputs": [
			{
				"internalType": "uint256",
				"name": "amount",
				"type": "uint256"
			}
		],
		"name": "unstake",
		"outputs": [],
		"stateMutability": "nonpayable",
		"type": "function"
	},
	{
		"anonymous": false,
		"inputs": [
			{
				"indexed": false,
				"internalType": "address",
				"name": "user",
				"type": "address"
			},
			{
				"indexed": false,
				"internalType": "uint256",
				"name": "amount",
				"type": "uint256"
			}
		],
		"name": "Unstaked",
		"type": "event"
	},
	{
		"inputs": [
			{
				"internalType": "address",
				"name": "_project",
				"type": "address"
			},
			{
				"internalType": "address",
				"name": "_pair",
				"type": "address"
			},
			{
				"internalType": "uint256",
				"name": "_slippage",
				"type": "uint256"
			},
			{
				"internalType": "string",
				"name": "_description",
				"type": "string"
			},
			{
				"internalType": "string",
				"name": "_name",
				"type": "string"
			}
		],
		"name": "updateProposal",
		"outputs": [],
		"stateMutability": "nonpayable",
		"type": "function"
	},
	{
		"inputs": [
			{
				"internalType": "uint256",
				"name": "_round",
				"type": "uint256"
			},
			{
				"internalType": "uint256",
				"name": "_amount",
				"type": "uint256"
			}
		],
		"name": "updateRewardData",
		"outputs": [],
		"stateMutability": "payable",
		"type": "function"
	},
	{
		"anonymous": false,
		"inputs": [
			{
				"indexed": false,
				"internalType": "address",
				"name": "user",
				"type": "address"
			},
			{
				"indexed": false,
				"internalType": "address",
				"name": "project",
				"type": "address"
			},
			{
				"indexed": false,
				"internalType": "uint256",
				"name": "vote",
				"type": "uint256"
			},
			{
				"indexed": false,
				"internalType": "uint256",
				"name": "round",
				"type": "uint256"
			},
			{
				"indexed": false,
				"internalType": "uint256",
				"name": "voteTime",
				"type": "uint256"
			}
		],
		"name": "VoteAccepted",
		"type": "event"
	},
	{
		"anonymous": false,
		"inputs": [
			{
				"indexed": false,
				"internalType": "address",
				"name": "winningProposal",
				"type": "address"
			},
			{
				"indexed": false,
				"internalType": "uint256",
				"name": "vote",
				"type": "uint256"
			},
			{
				"indexed": false,
				"internalType": "uint256",
				"name": "round",
				"type": "uint256"
			},
			{
				"indexed": false,
				"internalType": "uint256",
				"name": "declaredTime",
				"type": "uint256"
			}
		],
		"name": "VoteResult",
		"type": "event"
	},
	{
		"anonymous": false,
		"inputs": [
			{
				"indexed": false,
				"internalType": "uint256",
				"name": "startTime",
				"type": "uint256"
			},
			{
				"indexed": false,
				"internalType": "uint256",
				"name": "scheduledEndTime",
				"type": "uint256"
			}
		],
		"name": "VotingStarted",
		"type": "event"
	},
	{
		"stateMutability": "payable",
		"type": "receive"
	},
	{
		"inputs": [
			{
				"internalType": "address",
				"name": "_account",
				"type": "address"
			},
			{
				"internalType": "uint256",
				"name": "_round",
				"type": "uint256"
			}
		],
		"name": "availableVoteBalance",
		"outputs": [
			{
				"internalType": "uint256",
				"name": "",
				"type": "uint256"
			}
		],
		"stateMutability": "view",
		"type": "function"
	},
	{
		"inputs": [
			{
				"internalType": "address",
				"name": "account",
				"type": "address"
			}
		],
		"name": "balanceOf",
		"outputs": [
			{
				"internalType": "uint256",
				"name": "",
				"type": "uint256"
			}
		],
		"stateMutability": "view",
		"type": "function"
	},
	{
		"inputs": [],
		"name": "CYOP",
		"outputs": [
			{
				"internalType": "address",
				"name": "",
				"type": "address"
			}
		],
		"stateMutability": "view",
		"type": "function"
	},
	{
		"inputs": [],
		"name": "getAllProposals",
		"outputs": [
			{
				"components": [
					{
						"internalType": "uint256",
						"name": "proposalId",
						"type": "uint256"
					},
					{
						"internalType": "uint256",
						"name": "createdTime",
						"type": "uint256"
					},
					{
						"internalType": "uint256",
						"name": "createdRound",
						"type": "uint256"
					},
					{
						"internalType": "uint256",
						"name": "slippage",
						"type": "uint256"
					},
					{
						"internalType": "address",
						"name": "project",
						"type": "address"
					},
					{
						"internalType": "address",
						"name": "pair",
						"type": "address"
					},
					{
						"internalType": "string",
						"name": "description",
						"type": "string"
					},
					{
						"internalType": "string",
						"name": "name",
						"type": "string"
					},
					{
						"internalType": "bool",
						"name": "exist",
						"type": "bool"
					}
				],
				"internalType": "struct DAO.Proposal[]",
				"name": "_proposals",
				"type": "tuple[]"
			}
		],
		"stateMutability": "view",
		"type": "function"
	},
	{
		"inputs": [
			{
				"internalType": "address",
				"name": "_project",
				"type": "address"
			},
			{
				"internalType": "uint256",
				"name": "_round",
				"type": "uint256"
			}
		],
		"name": "getProposalVoteCount",
		"outputs": [
			{
				"internalType": "uint256",
				"name": "",
				"type": "uint256"
			}
		],
		"stateMutability": "view",
		"type": "function"
	},
	{
		"inputs": [
			{
				"internalType": "uint256",
				"name": "_round",
				"type": "uint256"
			}
		],
		"name": "getProposalWon",
		"outputs": [
			{
				"internalType": "address",
				"name": "",
				"type": "address"
			}
		],
		"stateMutability": "view",
		"type": "function"
	},
	{
		"inputs": [
			{
				"internalType": "uint256",
				"name": "_round",
				"type": "uint256"
			}
		],
		"name": "getTotaVoteCount",
		"outputs": [
			{
				"internalType": "uint256",
				"name": "",
				"type": "uint256"
			}
		],
		"stateMutability": "view",
		"type": "function"
	},
	{
		"inputs": [
			{
				"internalType": "address",
				"name": "_account",
				"type": "address"
			},
			{
				"internalType": "uint256",
				"name": "_round",
				"type": "uint256"
			}
		],
		"name": "getUserRewardsAvailableToClaim",
		"outputs": [
			{
				"internalType": "uint256",
				"name": "",
				"type": "uint256"
			}
		],
		"stateMutability": "view",
		"type": "function"
	},
	{
		"inputs": [
			{
				"internalType": "address",
				"name": "_account",
				"type": "address"
			},
			{
				"internalType": "uint256",
				"name": "_round",
				"type": "uint256"
			}
		],
		"name": "getUserRewardShare",
		"outputs": [
			{
				"internalType": "uint256",
				"name": "",
				"type": "uint256"
			}
		],
		"stateMutability": "view",
		"type": "function"
	},
	{
		"inputs": [
			{
				"internalType": "address",
				"name": "_account",
				"type": "address"
			}
		],
		"name": "getUserTotalRewardsAvailableToClaim",
		"outputs": [
			{
				"internalType": "uint256",
				"name": "_totalRewards",
				"type": "uint256"
			}
		],
		"stateMutability": "view",
		"type": "function"
	},
	{
		"inputs": [
			{
				"internalType": "address",
				"name": "_account",
				"type": "address"
			},
			{
				"internalType": "uint256",
				"name": "_round",
				"type": "uint256"
			}
		],
		"name": "getUserVotingShare",
		"outputs": [
			{
				"internalType": "uint256",
				"name": "",
				"type": "uint256"
			}
		],
		"stateMutability": "view",
		"type": "function"
	},
	{
		"inputs": [
			{
				"internalType": "uint256",
				"name": "_round",
				"type": "uint256"
			}
		],
		"name": "getVoteCountForAllProposals",
		"outputs": [
			{
				"internalType": "address[]",
				"name": "_proposals",
				"type": "address[]"
			},
			{
				"internalType": "uint256[]",
				"name": "_votes",
				"type": "uint256[]"
			}
		],
		"stateMutability": "view",
		"type": "function"
	},
	{
		"inputs": [
			{
				"internalType": "uint256",
				"name": "_round",
				"type": "uint256"
			}
		],
		"name": "getWinningProposal",
		"outputs": [
			{
				"internalType": "address",
				"name": "_project",
				"type": "address"
			},
			{
				"internalType": "uint256",
				"name": "_maxVote",
				"type": "uint256"
			}
		],
		"stateMutability": "view",
		"type": "function"
	},
	{
		"inputs": [
			{
				"internalType": "address",
				"name": "",
				"type": "address"
			}
		],
		"name": "isProposalDeleted",
		"outputs": [
			{
				"internalType": "bool",
				"name": "",
				"type": "bool"
			}
		],
		"stateMutability": "view",
		"type": "function"
	},
	{
		"inputs": [
			{
				"internalType": "address",
				"name": "_project",
				"type": "address"
			}
		],
		"name": "isProposalExist",
		"outputs": [
			{
				"internalType": "bool",
				"name": "",
				"type": "bool"
			}
		],
		"stateMutability": "view",
		"type": "function"
	},
	{
		"inputs": [],
		"name": "isRoundEnded",
		"outputs": [
			{
				"internalType": "bool",
				"name": "",
				"type": "bool"
			}
		],
		"stateMutability": "view",
		"type": "function"
	},
	{
		"inputs": [
			{
				"internalType": "address",
				"name": "_account",
				"type": "address"
			},
			{
				"internalType": "uint256",
				"name": "_round",
				"type": "uint256"
			}
		],
		"name": "isUserEligibleToClaim",
		"outputs": [
			{
				"internalType": "bool",
				"name": "",
				"type": "bool"
			}
		],
		"stateMutability": "view",
		"type": "function"
	},
	{
		"inputs": [
			{
				"internalType": "address",
				"name": "_who",
				"type": "address"
			}
		],
		"name": "isUserExisting",
		"outputs": [
			{
				"internalType": "bool",
				"name": "",
				"type": "bool"
			}
		],
		"stateMutability": "view",
		"type": "function"
	},
	{
		"inputs": [
			{
				"internalType": "address",
				"name": "_account",
				"type": "address"
			},
			{
				"internalType": "uint256",
				"name": "_round",
				"type": "uint256"
			}
		],
		"name": "isUserVoted",
		"outputs": [
			{
				"internalType": "bool",
				"name": "",
				"type": "bool"
			}
		],
		"stateMutability": "view",
		"type": "function"
	},
	{
		"inputs": [],
		"name": "owner",
		"outputs": [
			{
				"internalType": "address",
				"name": "",
				"type": "address"
			}
		],
		"stateMutability": "view",
		"type": "function"
	},
	{
		"inputs": [],
		"name": "proposalCost",
		"outputs": [
			{
				"internalType": "uint256",
				"name": "",
				"type": "uint256"
			}
		],
		"stateMutability": "view",
		"type": "function"
	},
	{
		"inputs": [],
		"name": "proposalCount",
		"outputs": [
			{
				"internalType": "uint256",
				"name": "",
				"type": "uint256"
			}
		],
		"stateMutability": "view",
		"type": "function"
	},
	{
		"inputs": [
			{
				"internalType": "address",
				"name": "",
				"type": "address"
			}
		],
		"name": "proposalInfo",
		"outputs": [
			{
				"internalType": "uint256",
				"name": "proposalId",
				"type": "uint256"
			},
			{
				"internalType": "uint256",
				"name": "createdTime",
				"type": "uint256"
			},
			{
				"internalType": "uint256",
				"name": "createdRound",
				"type": "uint256"
			},
			{
				"internalType": "uint256",
				"name": "slippage",
				"type": "uint256"
			},
			{
				"internalType": "address",
				"name": "project",
				"type": "address"
			},
			{
				"internalType": "address",
				"name": "pair",
				"type": "address"
			},
			{
				"internalType": "string",
				"name": "description",
				"type": "string"
			},
			{
				"internalType": "string",
				"name": "name",
				"type": "string"
			},
			{
				"internalType": "bool",
				"name": "exist",
				"type": "bool"
			}
		],
		"stateMutability": "view",
		"type": "function"
	},
	{
		"inputs": [
			{
				"internalType": "uint256",
				"name": "",
				"type": "uint256"
			}
		],
		"name": "proposalList",
		"outputs": [
			{
				"internalType": "address",
				"name": "",
				"type": "address"
			}
		],
		"stateMutability": "view",
		"type": "function"
	},
	{
		"inputs": [
			{
				"internalType": "uint256",
				"name": "",
				"type": "uint256"
			},
			{
				"internalType": "uint256",
				"name": "",
				"type": "uint256"
			}
		],
		"name": "proposalVotedAddress",
		"outputs": [
			{
				"internalType": "address",
				"name": "",
				"type": "address"
			}
		],
		"stateMutability": "view",
		"type": "function"
	},
	{
		"inputs": [],
		"name": "resultTime",
		"outputs": [
			{
				"internalType": "uint256",
				"name": "",
				"type": "uint256"
			}
		],
		"stateMutability": "view",
		"type": "function"
	},
	{
		"inputs": [
			{
				"internalType": "uint256",
				"name": "",
				"type": "uint256"
			}
		],
		"name": "rewardInfo",
		"outputs": [
			{
				"internalType": "uint256",
				"name": "rewardsAmount",
				"type": "uint256"
			},
			{
				"internalType": "uint256",
				"name": "rewardTime",
				"type": "uint256"
			}
		],
		"stateMutability": "view",
		"type": "function"
	},
	{
		"inputs": [],
		"name": "round",
		"outputs": [
			{
				"internalType": "uint256",
				"name": "",
				"type": "uint256"
			}
		],
		"stateMutability": "view",
		"type": "function"
	},
	{
		"inputs": [
			{
				"internalType": "uint256",
				"name": "",
				"type": "uint256"
			}
		],
		"name": "roundVoteInfo",
		"outputs": [
			{
				"internalType": "uint256",
				"name": "totalVoteAmount",
				"type": "uint256"
			},
			{
				"internalType": "uint256",
				"name": "totalUserVoted",
				"type": "uint256"
			},
			{
				"internalType": "address",
				"name": "winningProject",
				"type": "address"
			}
		],
		"stateMutability": "view",
		"type": "function"
	},
	{
		"inputs": [
			{
				"internalType": "address",
				"name": "account",
				"type": "address"
			}
		],
		"name": "stakeAmount",
		"outputs": [
			{
				"internalType": "uint256",
				"name": "",
				"type": "uint256"
			}
		],
		"stateMutability": "view",
		"type": "function"
	},
	{
		"inputs": [
			{
				"internalType": "address",
				"name": "",
				"type": "address"
			}
		],
		"name": "stakeTime",
		"outputs": [
			{
				"internalType": "uint256",
				"name": "",
				"type": "uint256"
			}
		],
		"stateMutability": "view",
		"type": "function"
	},
	{
		"inputs": [
			{
				"internalType": "uint256",
				"name": "",
				"type": "uint256"
			}
		],
		"name": "totalProposalVoted",
		"outputs": [
			{
				"internalType": "uint256",
				"name": "",
				"type": "uint256"
			}
		],
		"stateMutability": "view",
		"type": "function"
	},
	{
		"inputs": [],
		"name": "totalStakeAmount",
		"outputs": [
			{
				"internalType": "uint256",
				"name": "",
				"type": "uint256"
			}
		],
		"stateMutability": "view",
		"type": "function"
	},
	{
		"inputs": [],
		"name": "totalSupply",
		"outputs": [
			{
				"internalType": "uint256",
				"name": "",
				"type": "uint256"
			}
		],
		"stateMutability": "view",
		"type": "function"
	},
	{
		"inputs": [
			{
				"internalType": "uint256",
				"name": "_round",
				"type": "uint256"
			}
		],
		"name": "totalUserVoted",
		"outputs": [
			{
				"internalType": "uint256",
				"name": "",
				"type": "uint256"
			}
		],
		"stateMutability": "view",
		"type": "function"
	},
	{
		"inputs": [
			{
				"internalType": "address",
				"name": "",
				"type": "address"
			}
		],
		"name": "unstakeTime",
		"outputs": [
			{
				"internalType": "uint256",
				"name": "",
				"type": "uint256"
			}
		],
		"stateMutability": "view",
		"type": "function"
	},
	{
		"inputs": [
			{
				"internalType": "address",
				"name": "_account",
				"type": "address"
			},
			{
				"internalType": "uint256",
				"name": "_round",
				"type": "uint256"
			}
		],
		"name": "userClaimAmount",
		"outputs": [
			{
				"internalType": "uint256",
				"name": "",
				"type": "uint256"
			}
		],
		"stateMutability": "view",
		"type": "function"
	},
	{
		"inputs": [],
		"name": "userCount",
		"outputs": [
			{
				"internalType": "uint256",
				"name": "",
				"type": "uint256"
			}
		],
		"stateMutability": "view",
		"type": "function"
	},
	{
		"inputs": [
			{
				"internalType": "uint256",
				"name": "",
				"type": "uint256"
			}
		],
		"name": "userList",
		"outputs": [
			{
				"internalType": "address",
				"name": "",
				"type": "address"
			}
		],
		"stateMutability": "view",
		"type": "function"
	},
	{
		"inputs": [
			{
				"internalType": "address",
				"name": "_account",
				"type": "address"
			},
			{
				"internalType": "uint256",
				"name": "_round",
				"type": "uint256"
			}
		],
		"name": "userVoteCount",
		"outputs": [
			{
				"internalType": "uint256",
				"name": "",
				"type": "uint256"
			}
		],
		"stateMutability": "view",
		"type": "function"
	},
	{
		"inputs": [],
		"name": "voteStartTime",
		"outputs": [
			{
				"internalType": "uint256",
				"name": "",
				"type": "uint256"
			}
		],
		"stateMutability": "view",
		"type": "function"
	}
]