[{
    "inputs": [{
        "internalType": "address",
        "name": "_devTo",
        "type": "address"
    }, {
        "internalType": "address",
        "name": "_buybackTo",
        "type": "address"
    }, {
        "internalType": "contract IBEP20",
        "name": "_oldCrss",
        "type": "address"
    }, {
        "internalType": "contract IBEP20",
        "name": "_oldCrss1",
        "type": "address"
    }],
    "stateMutability": "nonpayable",
    "type": "constructor"
}, {
    "anonymous": false,
    "inputs": [{
        "indexed": true,
        "internalType": "address",
        "name": "owner",
        "type": "address"
    }, {
        "indexed": true,
        "internalType": "address",
        "name": "spender",
        "type": "address"
    }, {
        "indexed": false,
        "internalType": "uint256",
        "name": "value",
        "type": "uint256"
    }],
    "name": "Approval",
    "type": "event"
}, {
    "anonymous": false,
    "inputs": [{
        "indexed": true,
        "internalType": "address",
        "name": "user",
        "type": "address"
    }, {
        "indexed": false,
        "internalType": "uint256",
        "name": "balance",
        "type": "uint256"
    }],
    "name": "ClaimV1Token",
    "type": "event"
}, {
    "anonymous": false,
    "inputs": [{
        "indexed": true,
        "internalType": "address",
        "name": "delegator",
        "type": "address"
    }, {
        "indexed": true,
        "internalType": "address",
        "name": "fromDelegate",
        "type": "address"
    }, {
        "indexed": true,
        "internalType": "address",
        "name": "toDelegate",
        "type": "address"
    }],
    "name": "DelegateChanged",
    "type": "event"
}, {
    "anonymous": false,
    "inputs": [{
        "indexed": true,
        "internalType": "address",
        "name": "delegate",
        "type": "address"
    }, {
        "indexed": false,
        "internalType": "uint256",
        "name": "previousBalance",
        "type": "uint256"
    }, {
        "indexed": false,
        "internalType": "uint256",
        "name": "newBalance",
        "type": "uint256"
    }],
    "name": "DelegateVotesChanged",
    "type": "event"
}, {
    "anonymous": false,
    "inputs": [{
        "indexed": true,
        "internalType": "address",
        "name": "router",
        "type": "address"
    }],
    "name": "Init_router",
    "type": "event"
}, {
    "anonymous": false,
    "inputs": [{
        "indexed": false,
        "internalType": "uint256",
        "name": "minTokensBeforeSwap",
        "type": "uint256"
    }],
    "name": "MinTokensBeforeSwapUpdated",
    "type": "event"
}, {
    "anonymous": false,
    "inputs": [{
        "indexed": true,
        "internalType": "address",
        "name": "to",
        "type": "address"
    }, {
        "indexed": false,
        "internalType": "uint256",
        "name": "amount",
        "type": "uint256"
    }],
    "name": "Mint",
    "type": "event"
}, {
    "anonymous": false,
    "inputs": [{
        "indexed": true,
        "internalType": "address",
        "name": "previousOwner",
        "type": "address"
    }, {
        "indexed": true,
        "internalType": "address",
        "name": "newOwner",
        "type": "address"
    }],
    "name": "OwnershipTransferred",
    "type": "event"
}, {
    "anonymous": false,
    "inputs": [{
        "indexed": true,
        "internalType": "address",
        "name": "account",
        "type": "address"
    }, {
        "indexed": false,
        "internalType": "bool",
        "name": "excluded",
        "type": "bool"
    }],
    "name": "SetExcludedFromAntiWhale",
    "type": "event"
}, {
    "anonymous": false,
    "inputs": [{
        "indexed": false,
        "internalType": "uint256",
        "name": "maxTransferAmountRate",
        "type": "uint256"
    }],
    "name": "SetMaxTransferAmountRate",
    "type": "event"
}, {
    "anonymous": false,
    "inputs": [{
        "indexed": true,
        "internalType": "address",
        "name": "addr",
        "type": "address"
    }, {
        "indexed": false,
        "internalType": "bool",
        "name": "status",
        "type": "bool"
    }],
    "name": "SetWhiteList",
    "type": "event"
}, {
    "anonymous": false,
    "inputs": [{
        "indexed": false,
        "internalType": "uint256",
        "name": "tokensSwapped",
        "type": "uint256"
    }, {
        "indexed": false,
        "internalType": "uint256",
        "name": "ethReceived",
        "type": "uint256"
    }, {
        "indexed": false,
        "internalType": "uint256",
        "name": "tokensintoLiquidity",
        "type": "uint256"
    }],
    "name": "SwapAndLiquify",
    "type": "event"
}, {
    "anonymous": false,
    "inputs": [{
        "indexed": false,
        "internalType": "bool",
        "name": "enabled",
        "type": "bool"
    }],
    "name": "SwapAndLiquifyEnabledUpdated",
    "type": "event"
}, {
    "anonymous": false,
    "inputs": [{
        "indexed": true,
        "internalType": "address",
        "name": "from",
        "type": "address"
    }, {
        "indexed": true,
        "internalType": "address",
        "name": "to",
        "type": "address"
    }, {
        "indexed": false,
        "internalType": "uint256",
        "name": "value",
        "type": "uint256"
    }],
    "name": "Transfer",
    "type": "event"
}, {
    "anonymous": false,
    "inputs": [{
        "indexed": true,
        "internalType": "address",
        "name": "from",
        "type": "address"
    }, {
        "indexed": true,
        "internalType": "address",
        "name": "to",
        "type": "address"
    }, {
        "indexed": false,
        "internalType": "uint256",
        "name": "total",
        "type": "uint256"
    }],
    "name": "WhitelistedTransfer",
    "type": "event"
}, {
    "inputs": [],
    "name": "DELEGATION_TYPEHASH",
    "outputs": [{
        "internalType": "bytes32",
        "name": "",
        "type": "bytes32"
    }],
    "stateMutability": "view",
    "type": "function"
}, {
    "inputs": [],
    "name": "DOMAIN_TYPEHASH",
    "outputs": [{
        "internalType": "bytes32",
        "name": "",
        "type": "bytes32"
    }],
    "stateMutability": "view",
    "type": "function"
}, {
    "inputs": [{
        "internalType": "address",
        "name": "owner",
        "type": "address"
    }, {
        "internalType": "address",
        "name": "spender",
        "type": "address"
    }],
    "name": "allowance",
    "outputs": [{
        "internalType": "uint256",
        "name": "",
        "type": "uint256"
    }],
    "stateMutability": "view",
    "type": "function"
}, {
    "inputs": [{
        "internalType": "address",
        "name": "spender",
        "type": "address"
    }, {
        "internalType": "uint256",
        "name": "amount",
        "type": "uint256"
    }],
    "name": "approve",
    "outputs": [{
        "internalType": "bool",
        "name": "",
        "type": "bool"
    }],
    "stateMutability": "nonpayable",
    "type": "function"
}, {
    "inputs": [{
        "internalType": "address",
        "name": "account",
        "type": "address"
    }],
    "name": "balanceOf",
    "outputs": [{
        "internalType": "uint256",
        "name": "",
        "type": "uint256"
    }],
    "stateMutability": "view",
    "type": "function"
}, {
    "inputs": [],
    "name": "burnAddress",
    "outputs": [{
        "internalType": "address",
        "name": "",
        "type": "address"
    }],
    "stateMutability": "view",
    "type": "function"
}, {
    "inputs": [],
    "name": "buybackFee",
    "outputs": [{
        "internalType": "uint256",
        "name": "",
        "type": "uint256"
    }],
    "stateMutability": "view",
    "type": "function"
}, {
    "inputs": [],
    "name": "buybackTo",
    "outputs": [{
        "internalType": "address",
        "name": "",
        "type": "address"
    }],
    "stateMutability": "view",
    "type": "function"
}, {
    "inputs": [{
        "internalType": "address",
        "name": "",
        "type": "address"
    }, {
        "internalType": "uint32",
        "name": "",
        "type": "uint32"
    }],
    "name": "checkpoints",
    "outputs": [{
        "internalType": "uint32",
        "name": "fromBlock",
        "type": "uint32"
    }, {
        "internalType": "uint256",
        "name": "votes",
        "type": "uint256"
    }],
    "stateMutability": "view",
    "type": "function"
}, {
    "inputs": [],
    "name": "claimV1Token",
    "outputs": [],
    "stateMutability": "nonpayable",
    "type": "function"
}, {
    "inputs": [],
    "name": "crosswiseRouter",
    "outputs": [{
        "internalType": "contract ICrosswiseRouter02",
        "name": "",
        "type": "address"
    }],
    "stateMutability": "view",
    "type": "function"
}, {
    "inputs": [],
    "name": "crssBnbPair",
    "outputs": [{
        "internalType": "address",
        "name": "",
        "type": "address"
    }],
    "stateMutability": "view",
    "type": "function"
}, {
    "inputs": [],
    "name": "decimals",
    "outputs": [{
        "internalType": "uint8",
        "name": "",
        "type": "uint8"
    }],
    "stateMutability": "view",
    "type": "function"
}, {
    "inputs": [{
        "internalType": "address",
        "name": "spender",
        "type": "address"
    }, {
        "internalType": "uint256",
        "name": "subtractedValue",
        "type": "uint256"
    }],
    "name": "decreaseAllowance",
    "outputs": [{
        "internalType": "bool",
        "name": "",
        "type": "bool"
    }],
    "stateMutability": "nonpayable",
    "type": "function"
}, {
    "inputs": [{
        "internalType": "address",
        "name": "delegatee",
        "type": "address"
    }],
    "name": "delegate",
    "outputs": [],
    "stateMutability": "nonpayable",
    "type": "function"
}, {
    "inputs": [{
        "internalType": "address",
        "name": "delegatee",
        "type": "address"
    }, {
        "internalType": "uint256",
        "name": "nonce",
        "type": "uint256"
    }, {
        "internalType": "uint256",
        "name": "expiry",
        "type": "uint256"
    }, {
        "internalType": "uint8",
        "name": "v",
        "type": "uint8"
    }, {
        "internalType": "bytes32",
        "name": "r",
        "type": "bytes32"
    }, {
        "internalType": "bytes32",
        "name": "s",
        "type": "bytes32"
    }],
    "name": "delegateBySig",
    "outputs": [],
    "stateMutability": "nonpayable",
    "type": "function"
}, {
    "inputs": [{
        "internalType": "address",
        "name": "delegator",
        "type": "address"
    }],
    "name": "delegates",
    "outputs": [{
        "internalType": "address",
        "name": "",
        "type": "address"
    }],
    "stateMutability": "view",
    "type": "function"
}, {
    "inputs": [],
    "name": "devFee",
    "outputs": [{
        "internalType": "uint256",
        "name": "",
        "type": "uint256"
    }],
    "stateMutability": "view",
    "type": "function"
}, {
    "inputs": [],
    "name": "devTo",
    "outputs": [{
        "internalType": "address",
        "name": "",
        "type": "address"
    }],
    "stateMutability": "view",
    "type": "function"
}, {
    "inputs": [{
        "internalType": "address",
        "name": "account",
        "type": "address"
    }],
    "name": "getCurrentVotes",
    "outputs": [{
        "internalType": "uint256",
        "name": "",
        "type": "uint256"
    }],
    "stateMutability": "view",
    "type": "function"
}, {
    "inputs": [],
    "name": "getOwner",
    "outputs": [{
        "internalType": "address",
        "name": "",
        "type": "address"
    }],
    "stateMutability": "view",
    "type": "function"
}, {
    "inputs": [{
        "internalType": "address",
        "name": "account",
        "type": "address"
    }, {
        "internalType": "uint256",
        "name": "blockNumber",
        "type": "uint256"
    }],
    "name": "getPriorVotes",
    "outputs": [{
        "internalType": "uint256",
        "name": "",
        "type": "uint256"
    }],
    "stateMutability": "view",
    "type": "function"
}, {
    "inputs": [{
        "internalType": "address",
        "name": "spender",
        "type": "address"
    }, {
        "internalType": "uint256",
        "name": "addedValue",
        "type": "uint256"
    }],
    "name": "increaseAllowance",
    "outputs": [{
        "internalType": "bool",
        "name": "",
        "type": "bool"
    }],
    "stateMutability": "nonpayable",
    "type": "function"
}, {
    "inputs": [{
        "internalType": "address",
        "name": "router",
        "type": "address"
    }],
    "name": "init_router",
    "outputs": [],
    "stateMutability": "nonpayable",
    "type": "function"
}, {
    "inputs": [{
        "internalType": "address",
        "name": "_account",
        "type": "address"
    }],
    "name": "isExcludedFromAntiWhale",
    "outputs": [{
        "internalType": "bool",
        "name": "",
        "type": "bool"
    }],
    "stateMutability": "view",
    "type": "function"
}, {
    "inputs": [],
    "name": "liquidityFee",
    "outputs": [{
        "internalType": "uint256",
        "name": "",
        "type": "uint256"
    }],
    "stateMutability": "view",
    "type": "function"
}, {
    "inputs": [],
    "name": "maxSupply",
    "outputs": [{
        "internalType": "uint256",
        "name": "",
        "type": "uint256"
    }],
    "stateMutability": "view",
    "type": "function"
}, {
    "inputs": [],
    "name": "maxTransferAmount",
    "outputs": [{
        "internalType": "uint256",
        "name": "",
        "type": "uint256"
    }],
    "stateMutability": "view",
    "type": "function"
}, {
    "inputs": [],
    "name": "maxTransferAmountRate",
    "outputs": [{
        "internalType": "uint256",
        "name": "",
        "type": "uint256"
    }],
    "stateMutability": "view",
    "type": "function"
}, {
    "inputs": [{
        "internalType": "address",
        "name": "_to",
        "type": "address"
    }, {
        "internalType": "uint256",
        "name": "_amount",
        "type": "uint256"
    }],
    "name": "mint",
    "outputs": [],
    "stateMutability": "nonpayable",
    "type": "function"
}, {
    "inputs": [],
    "name": "name",
    "outputs": [{
        "internalType": "string",
        "name": "",
        "type": "string"
    }],
    "stateMutability": "view",
    "type": "function"
}, {
    "inputs": [{
        "internalType": "address",
        "name": "",
        "type": "address"
    }],
    "name": "nonces",
    "outputs": [{
        "internalType": "uint256",
        "name": "",
        "type": "uint256"
    }],
    "stateMutability": "view",
    "type": "function"
}, {
    "inputs": [{
        "internalType": "address",
        "name": "",
        "type": "address"
    }],
    "name": "numCheckpoints",
    "outputs": [{
        "internalType": "uint32",
        "name": "",
        "type": "uint32"
    }],
    "stateMutability": "view",
    "type": "function"
}, {
    "inputs": [],
    "name": "oldCrss",
    "outputs": [{
        "internalType": "contract IBEP20",
        "name": "",
        "type": "address"
    }],
    "stateMutability": "view",
    "type": "function"
}, {
    "inputs": [],
    "name": "oldCrss1",
    "outputs": [{
        "internalType": "contract IBEP20",
        "name": "",
        "type": "address"
    }],
    "stateMutability": "view",
    "type": "function"
}, {
    "inputs": [],
    "name": "owner",
    "outputs": [{
        "internalType": "address",
        "name": "",
        "type": "address"
    }],
    "stateMutability": "view",
    "type": "function"
}, {
    "inputs": [],
    "name": "renounceOwnership",
    "outputs": [],
    "stateMutability": "nonpayable",
    "type": "function"
}, {
    "inputs": [{
        "internalType": "address",
        "name": "_account",
        "type": "address"
    }, {
        "internalType": "bool",
        "name": "_excluded",
        "type": "bool"
    }],
    "name": "setExcludedFromAntiWhale",
    "outputs": [],
    "stateMutability": "nonpayable",
    "type": "function"
}, {
    "inputs": [{
        "internalType": "uint256",
        "name": "_maxTransferAmountRate",
        "type": "uint256"
    }],
    "name": "setMaxTransferAmountRate",
    "outputs": [],
    "stateMutability": "nonpayable",
    "type": "function"
}, {
    "inputs": [{
        "internalType": "bool",
        "name": "_enabled",
        "type": "bool"
    }],
    "name": "setSwapAndLiquifyEnabled",
    "outputs": [],
    "stateMutability": "nonpayable",
    "type": "function"
}, {
    "inputs": [{
        "internalType": "address",
        "name": "_addr",
        "type": "address"
    }, {
        "internalType": "bool",
        "name": "_status",
        "type": "bool"
    }],
    "name": "setWhiteList",
    "outputs": [],
    "stateMutability": "nonpayable",
    "type": "function"
}, {
    "inputs": [],
    "name": "swapAndLiquifyEnabled",
    "outputs": [{
        "internalType": "bool",
        "name": "",
        "type": "bool"
    }],
    "stateMutability": "view",
    "type": "function"
}, {
    "inputs": [],
    "name": "symbol",
    "outputs": [{
        "internalType": "string",
        "name": "",
        "type": "string"
    }],
    "stateMutability": "view",
    "type": "function"
}, {
    "inputs": [],
    "name": "totalSupply",
    "outputs": [{
        "internalType": "uint256",
        "name": "",
        "type": "uint256"
    }],
    "stateMutability": "view",
    "type": "function"
}, {
    "inputs": [{
        "internalType": "address",
        "name": "recipient",
        "type": "address"
    }, {
        "internalType": "uint256",
        "name": "amount",
        "type": "uint256"
    }],
    "name": "transfer",
    "outputs": [{
        "internalType": "bool",
        "name": "",
        "type": "bool"
    }],
    "stateMutability": "nonpayable",
    "type": "function"
}, {
    "inputs": [{
        "internalType": "address",
        "name": "sender",
        "type": "address"
    }, {
        "internalType": "address",
        "name": "recipient",
        "type": "address"
    }, {
        "internalType": "uint256",
        "name": "amount",
        "type": "uint256"
    }],
    "name": "transferFrom",
    "outputs": [{
        "internalType": "bool",
        "name": "",
        "type": "bool"
    }],
    "stateMutability": "nonpayable",
    "type": "function"
}, {
    "inputs": [{
        "internalType": "address",
        "name": "newOwner",
        "type": "address"
    }],
    "name": "transferOwnership",
    "outputs": [],
    "stateMutability": "nonpayable",
    "type": "function"
}, {
    "stateMutability": "payable",
    "type": "receive"
}]