"HolderAddress","Balance","PendingBalanceUpdate"
"0x000000000000000000000000000000000000dead","1044327.72414959","No"
"0x005dadf951c685303f64469e904f6cd34d4757d6","1E-18","No"
"0x009b93b230b7f7540c1576f5d02dcd6856bf445e","2E-18","No"
"0x0126ba24d87fee57bfe3608c4fa410ef4f72421f","2E-18","No"
"0x01f127e0e48a9c4a01f87f3699be07bb997bf7c7","2E-18","No"
"0x01f731785184f0deb06f104b281c78753a270c88","1E-18","No"
"0x02f47f74dab57effb2cb59c96e850e0b73e85058","1E-18","No"
"0x035aea40df83eb8cf6ef4e82ac3d13aa16434719","1E-18","No"
"0x03acaf4d716fbe82293b8aa6da3c7940f2a887fa","1E-18","No"
"0x03ca8427d6609ec49d992fef42cde091815e3091","85.7142857142857","No"
"0x03d99d263d4fcc26c7106b33ca94a51661502b76","1E-18","No"
"0x04064e84bfdf8a3d831f223f90982f9933a56f2e","200","No"
"0x041f997b485c968982947fd3c2dbc9e1d4584c2e","2E-18","No"
"0x043f228e56b692d88ee77297ef0ba489ed11d6dc","1E-18","No"
"0x0475f297f915711d9e1f5cadca54191f245d4794","2E-18","No"
"0x0503d71603c698a17e826ef15d3348a022f4c327","1E-18","No"
"0x05354de4ed71a3bdfbb2a77b64224b1e37c4ec05","71.25","No"
"0x059eeb25836be36d336455eb462d7d96f52e72a6","1E-18","No"
"0x05d90a6ce781a30f689ff8852087fb8ca7f5d8ae","1E-18","No"
"0x05f5dbc8dab07b96e094ed420c3b2631a73d719c","2E-18","No"
"0x065042701868b149501a6603e5264fa3ed5be0f1","1E-18","No"
"0x06a64b8e0f60d0c7872e89e16caf32e634f56893","1E-18","No"
"0x071fd898ed29f692cee31791a5ff7724631942ce","1E-18","No"
"0x075e72a5edf65f0a5f44699c7654c1a76941ddc8","333.9","No"
"0x0786bdb4b70655c623bdf8da754182caa92df181","2E-18","No"
"0x078c35f0afb581705a23bde4dafff37b840965c7","16.6666666666667","No"
"0x0813b13f440b05a753d532a498eacfd34422e42b","1E-18","No"
"0x0824af5798aa2b17998a79190decca5948708f0f","1E-18","No"
"0x0878708a658b48734adedbf421c7a630058ba141","1E-18","No"
"0x0934a9cd55df6ab4911275e7d51736ce40c9be26","1E-18","No"
"0x096caa1d19f71716e00809d911db152e25c37edc","13.3333333333333","No"
"0x09ae291c0597a7f0826d1eb6d5432575163b0521","7.5","No"
"0x0a00834c8473f63918f1215eb50a2e0045d6aa88","1E-18","No"
"0x0a92a9feaaf31e136a5bb2cfa2deba3e61724c57","1E-18","No"
"0x0a93149115da5b0f6499f1e2b33f2cb87a27bb53","1E-18","No"
"0x0aa4927541cc6530ba4f95ad71dfa914d22a6d10","2","No"
"0x0afd83f74ff9b42853e73ae6b25464e86756a3a5","2E-18","No"
"0x0b6ce8b7c79b383562596ec770bbfeea1172740f","1E-18","No"
"0x0b8cdf6c8fce44bd4a8049ba5326cf6903824a04","2E-18","No"
"0x0bfcaef9d3eec80ead1e7077ba5d3c10bffa8b53","1E-18","No"
"0x0c094511466d298a8a2dc2d6204aea2447d7755b","1E-18","No"
"0x0cab0680580c394a63152eb6fab11657978576f9","1E-18","No"
"0x0ce390ec4533d9afbb7280037d61b8c8dcaa6696","2E-18","No"
"0x0d60d42c007c47949cf659f12545d9912bf88c76","1E-18","No"
"0x0db65b805dc45a5e81e36b93d0a5f6bd6ce7cf53","1E-18","No"
"0x0e4826475f05d41f68e3edead181c37343b20462","28.5714285714286","No"
"0x0ea0ddcad378d367500f722bed63531ed322e4a2","1E-18","No"
"0x0edb68e55f07f22e694b36c6eeb4ae776747b031","1E-18","No"
"0x0efbc823ef46dfddbc818c64bef17b4f2b95cf9d","1E-18","No"
"0x0f08a9d037ba3ced135cab651904f667ae932140","1E-18","No"
"0x0fabd63492ea9d421063ea827bcc753bc69e6540","1E-18","No"
"0x0ff509da2c515a31e5e1d7fb47b7cbad626023dd","1E-18","No"
"0x1033f3a870a6e065f4fc889eb63879badd8a1dd8","2E-18","No"
"0x10377e9cfb0f9760a08abc5cb2b1f44a89e744fa","2E-18","No"
"0x1043cc0bc9a1788fa8c126da67bc45188725ec4d","1E-18","No"
"0x10640fd9a261db7842e24ea5e93dcafd84bd7eed","1E-18","No"
"0x10ad6283c680dca61643b8caf4bedda639067ee2","2E-18","No"
"0x10c6dc08368efdd895c9571037351dd0d312ed19","1E-18","No"
"0x111d68f722f689ecc5a1fd92c3b13d666751bf8b","2E-18","No"
"0x1171cfe78f4dcc18d7abe11198c633cceaa0a250","333.333333333333","No"
"0x11780e3dce1c80432443eb09d8547961dd2a8f41","1E-18","No"
"0x11aa2cfa51db8619fa97e42a6d2aad083317bb26","2E-18","No"
"0x123f1f3de970851a2e24ad01e7a264ef08a006cc","50.37","No"
"0x125326b148ded3a5cbbb58a1d071164831be8a8d","1E-18","No"
"0x12c6bb31cd97ba62312029b2e0e65afcabc32702","6.57142857142857","No"
"0x12e6a73c18eec76f46e8b00ea8027549a19ce14d","1E-18","No"
"0x1389a621cbc72385517cb335dbb1ded3515f1153","1E-18","No"
"0x1413b00bbc0ae6c0cf057765f099dad2b584fc0c","1E-18","No"
"0x144c485fcba327f8e078b0cf082304ec4f3fece3","1E-18","No"
"0x14709a0978a99012bc9ed19a22a91d17c293a9c8","10.6666666666667","No"
"0x147161996389b78314376ceb185155d6cfda10dc","1E-18","No"
"0x15075790114b1824b7fd5d1f8dcfc4e2d777b447","2E-18","No"
"0x1519da6ebafd05e6906c16c529d05477d2c2618c","1E-18","No"
"0x1526741ef7fcee10e4709cd0403b301683c8925e","1E-18","No"
"0x156a53c47db6206037842e0dd7f6fa897d9532da","2E-18","No"
"0x15718e9b7624ca651f4e4e0df980cd55c786d7c0","66.6666666666667","No"
"0x15965ef4652e57bf527db460a9891c4d891e716a","1E-18","No"
"0x16177b03bd19a28d7e5bcf53ad7e510074c88d24","1E-18","No"
"0x16441cc86ba6a0cca141ad6091eeccb19443f6f5","1E-18","No"
"0x167fb30204c501444713f3fe87634876a3c135d7","2E-18","No"
"0x16f0a723220b3852182bc2cdb1e27fd65c280f31","2E-18","No"
"0x17739bda9fbca2cc628d746ce3647922c1e29673","1E-18","No"
"0x18b31c66af8c42edaf5c381726d6753e1d7df4f5","1E-18","No"
"0x18d301c6e31e77b7cb5c6fc0ddc01a739526559d","2E-18","No"
"0x1914172d1c51412c3fc37ec86989edcc5fdcc0bc","50","No"
"0x1922ec03ecc13b07011d223a8a0bb3a208418a45","2E-18","No"
"0x192b447d08d87318b6d4c1f1eb3159e948700098","1E-18","No"
"0x1963b4e3d6a6d24882262725dc618ba58b056aa9","23.3333333333333","No"
"0x19a6cff3e75819446e2134c1364031cab9cf3775","6.33333333333333","No"
"0x19b8b60f3628fc8fd9b43bf2b184b4e6ff24cc9a","1E-18","No"
"0x1a338cba269f8270525e123d5b7bf13b4415a1fa","60","No"
"0x1afa957fea269e99dd0ed7bfcc790434b90388b6","1E-18","No"
"0x1c028d417ca648984dea4303550ed3cf2d2807e0","1E-18","No"
"0x1c5b1d681435ddb9244139f03f09e8ce18a4ac70","1E-18","No"
"0x1c70bbb1902ae2ac9d4e376f6e5acf749a5c24da","1E-18","No"
"0x1c86e98a4cc451db8a502f31c14327d2b7cec123","2E-18","No"
"0x1c9df4b72de9088b13484d527f2fdafdf5562b15","1E-18","No"
"0x1ccf10f23ab17073e4f140372424f8af0cad8f6d","2E-18","No"
"0x1dc4d8e42c85e2f2711a4c964c915177f31a7bb7","1E-18","No"
"0x1dd4cf1c081b29591600c8f23807e8877b9ee112","1E-18","No"
"0x1e09c8ef31903f4e68b472983ec7a305522a9b84","1E-18","No"
"0x1e21bb5e3013a8fc3e805271463f9044b05b6221","2E-18","No"
"0x1e743d45ef950327d198236794e6baad1bd42dea","2E-18","No"
"0x1eb7c4c104757d6485d9c3cac305a22443b909ac","1E-18","No"
"0x1ed2d2b7b98e605e1a7ae1c3a01ecb2492b10fcf","1E-18","No"
"0x1f0c4fb74d1bc12cf218e4516773341d4ff41b39","58","No"
"0x1f55a25b669ffb5b6bf237c826557caccef38b29","1E-18","No"
"0x209bff63c1413583784e4812288ac2f1e530a7da","2E-18","No"
"0x20bdaa69554d5f914ee97c4457845329f54c2fd8","14.2857142857143","No"
"0x20f2f6fd68652413aa54272203acb72a04eeebd2","1E-18","No"
"0x20f5eca6439285ef4bdcb3053f66330659a04d74","1E-18","No"
"0x212c35d2fe5b5395a0e384d3ef0b5a5c34d79a27","1E-18","No"
"0x214def7d5b7f65b7cfe9f4cf42868efa9b42517e","1E-18","No"
"0x21a06bbdbdd77ebcb0627a2e2617fb5af2b5057b","1E-18","No"
"0x21b102e3b01a38fa021edc32063b4d5d4b144fd6","2E-18","No"
"0x21face3f7d01accd991db9e1471336fad3596d2f","1E-18","No"
"0x22057c79e4a9f2856a97c90b8a5d73b5fa14ba6c","1E-18","No"
"0x2331edf81ad291d013a167cf797e04a1388cfa1e","1E-18","No"
"0x23772a766b6e20d03e2e93bbb65524d87151d573","1E-18","No"
"0x23908eaafcae5ed16dc855404819f22eb41341bb","142.857142857143","No"
"0x24678d46062a2245fd0126f87d7c37cd279e6129","1E-18","No"
"0x24cc9aa08e7cce3a9a9799b6a064ff25e1f26162","1E-18","No"
"0x253ba4a726af9f07480544e168f31a0fd49671f8","1E-18","No"
"0x2581b9af49b938de218d2e04ce7bd4cb9a282af7","336","No"
"0x2598651d7337692a7770401c9b8945621f8e441e","1E-18","No"
"0x25dffda2709dfad2e83f8b5ca801fc0a0edc0322","1E-18","No"
"0x261de6fbf2cc03aff9a536ee8b0eff86c9132bc1","1E-18","No"
"0x262dc603a1207591a5a12cdcd980a42037772359","1E-18","No"
"0x26fd7384ae47cd59c6f041bc22f777f44154bb52","1E-18","No"
"0x272c9863d0fcbfdfed3820828913f465ad0d3d2c","1E-18","No"
"0x273ec095fe4c3c023b6e5d3dcd3642af950ac930","1E-18","No"
"0x273ef6375d6e93bc87dadccd1d6ced98e0f8cb4d","1E-18","No"
"0x275e6f96bf3ef14bdfe20b46d318ee5557a4c3c0","3.5","No"
"0x2818ed786cbfa747a9d1313a0f98c0878f06a003","8.66666666666667","No"
"0x28233c517116dfe511376dd4c9bd27563fb57609","1E-18","No"
"0x282ffd72aca524d50cc6b798f3f1f2fb260f2783","1E-18","No"
"0x284ec15a09627275122a5493e1dfaf686982cac1","2E-18","No"
"0x286476ec93f743c7fa8018be31fb77555ffe0847","1E-18","No"
"0x2883648ec5cf06dc6a205a68479677d37c0f7449","1E-18","No"
"0x28a9833651220bb63fad5b0e3794855e2c7bc2ec","2E-18","No"
"0x2900015334cb4c1f13276bf5c29a0a8c2db8b68d","1E-18","No"
"0x291f4ab0d6ab677ce97d48fb9cbc1dcd2b64b47e","4.75","No"
"0x29aec2e84d9f5aa21d423ddb80e400cae1a49d48","2E-18","No"
"0x2a479056fac97b62806cc740b11774e6598b1649","147.016874922199","No"
"0x2b18901d7b76b7485357fc13f7565bd31e23f971","1E-18","No"
"0x2b86d782236469b008a8505e7f290098990f2cb4","1E-18","No"
"0x2ba989a0c7ddeb1f6f24ba138b39fc602b4f0cd5","2E-18","No"
"0x2bbe703074e0e54e9071a75d73e74421d346aa83","125","No"
"0x2bd5f6bd4b6f40b59b1676f0a4e59d44a2e21de9","542.857142857143","No"
"0x2c47e26adc0e9fa34561e56ee1c615426737dd8b","1E-18","No"
"0x2c60e17f3db63065e38bb8ad922d9028de25ffd3","2.85714285714286","No"
"0x2cc83161fa6e0b73227405a5bfcd359dd5381308","1E-18","No"
"0x2d0e50a09be143f5b2c3570afee405ad014d708e","2E-18","No"
"0x2d25636ac65fd2aafe8096955779dd41d643ea26","2000","No"
"0x2d733d76665414042be9b8cdadf13f27f9d09ac0","2E-18","No"
"0x2d90c05758c74d0e893d9ce234f9cafdd56f136b","1E-18","No"
"0x2d9cdb20c6d666c9836bfb6c04304ef235b3af54","2E-18","No"
"0x2da3c7522baab4d8b6ddd088e0e78d7730705a54","1E-18","No"
"0x2dbc3e228b85d84aea9004b38e95fd5f9df71dc0","1E-18","No"
"0x2dea720df2e4d611d504e97b85fa00e5ffbd59af","2E-18","No"
"0x2e9ba623b0612fd708d621aaabc67c71e31f7e34","1E-18","No"
"0x2eae0a48a9ce14b0f2865ce7c8bc181253ebffd3","212.5","No"
"0x2fce9dc1be6d631003b7265cffce7dba31104961","2E-18","No"
"0x2fd2df553868bc24fbf566aeea0dea1487092a6f","1E-18","No"
"0x2fe691560844f4e81aa6963e8e5e957d29090a33","1E-18","No"
"0x3017874df952ecb806b0abb6cd96a4485dd1422b","1E-18","No"
"0x30178fd6f019f6bafbc599afaadeaec8b6228b40","2E-18","No"
"0x301c1293a628e67735725fab533dc93474841694","1E-18","No"
"0x3033e8374aa5df99aebebcf76d32cd230403ceac","1E-18","No"
"0x3058c143e7040135a53700399ad5762a03292999","1E-18","No"
"0x305b78b83b711bce08db955259d11bacd07d430c","1E-18","No"
"0x3070d5794b215035957770104f7de90fdc13e3cf","1E-18","No"
"0x30e7e5eb11b86a0a11de0a3954ac7f9834c958b7","2E-18","No"
"0x31677139ce0397c9efac07b713fc2e03d06bc56a","7.70857142857143","No"
"0x31c40dec26a231cc1da530b46d7b3874b95d4125","1E-18","No"
"0x31caf8574c488c5ad2720ad1c48fb12e101e1ef0","1E-18","No"
"0x321a7e3dbd6ef0ba303fe61622f821e6f4fe4a46","2E-18","No"
"0x3227209fc0352418c82c6f51b1427cf15f8a5845","1E-18","No"
"0x3242e89dd4e0f7e1d54d51f6e1ccf0d69a11d729","2E-18","No"
"0x324d1e3ebef86cb5887e3033c5111ccbfe9d6e79","1E-18","No"
"0x32716a466105d09e2db84094048ee43e128e7b2f","1E-18","No"
"0x32e6b7d57a7b2347c08df02889c69984890f8888","2E-18","No"
"0x331cb7b92ac705fd94389ce667dbb3c0e5b55f0b","1E-18","No"
"0x331ee5d97a758e626c9cbc28fc0c14191f9f9a65","1E-18","No"
"0x3353dfa3427fda39e73c3198881b55aa5f7b27d3","1E-18","No"
"0x3355e761f7b3ba2c08ae0ce7b6c821122040ef0a","1E-18","No"
"0x33c4296e5cf9e8dde73911aeede936489798cdce","2E-18","No"
"0x33f1f564e0f46a1bb81e9f9130b6203f3019bcb1","1E-18","No"
"0x3417e0d4dcf131f4a8f99099683a9546ec759920","1E-18","No"
"0x342349d165db8e5f426493443e313073c50713f3","2E-18","No"
"0x342fb80b04837754825349ffd551a19642bbda62","1E-18","No"
"0x343d2b981fba99649ac7a8b1c2c68ca5fd614cf2","12.6666666666667","No"
"0x3442ac5ba78d14c5258b7ebaae971c2614ecbd3c","1E-18","No"
"0x3464010c0ef748c8aa135195d1ca1a00aaec050e","664.558666666667","No"
"0x34640f3d8ec3f7991b46329a2cf6f8e9cadc32e4","35.1428571428571","No"
"0x34835e679e87a411df95c351aabc8252b3a935a7","1E-18","No"
"0x348c7e19fffb69fd9217c7296944e12cf77a996b","2E-18","No"
"0x34b16e2a8bc7260f34464298e2979d00409b54f8","1E-18","No"
"0x353c66dec3ced6f85fe55c4086be32fb254f606b","1E-18","No"
"0x3578c4401066eae1ac66d2abb3a9e26c8ea7cde3","133.333333333333","No"
"0x359954304d626c200edbb8589fbb67ec759df84c","1E-18","No"
"0x35b62244c0a8cc06b6beb7fc8ac778d32280c22e","1E-18","No"
"0x35fae20e1d7744785e11c19e56630dfe20254932","1E-18","No"
"0x363e44430cbe6248e229843c6bae948f084c0a88","1E-18","No"
"0x3692288778c2fc2b9cd49c7d364f8840e06916e3","1E-18","No"
"0x372ff859a6395d07dac9277ae313fe201fe8e1ac","1E-18","No"
"0x376f1816f0c0b6198c69db11bfd919cae2361511","2E-18","No"
"0x37acfabebff8e2712f7ff804566348b8081178e7","71.6666666666667","No"
"0x37bddd0fa49b40877818fe2eba064d4fe90d1723","160","No"
"0x383658eb3e3c1a8244bf357ba1a393f1790c3165","12","No"
"0x383d8aa245b79b04f29497f9bd94994c03c645bf","15.7714285714286","No"
"0x38430753217ce5e4a0535371da9161f2d38c808b","66.6666666666667","No"
"0x38a790d5886e18d9f48092bdade9830b96ce88d4","1E-18","No"
"0x396f1690ba7e65ef4bdb73087b5cc03a1609b41c","2E-18","No"
"0x39bfe2279e9ce1f10f8069ec1adb2b463d8f246e","1E-18","No"
"0x39eff0dd13e43242e6e6bf9c9eecda20b2880cbb","1E-18","No"
"0x3a0ec548050098ea1b377e4feba6c78e06422fe3","22.5","No"
"0x3a89408e41f6dd7f1870fe53bee6f01f48fb1da6","1E-18","No"
"0x3ac5e60b9f9e39c18dc0e6901b97b60fa6223d63","1E-18","No"
"0x3ae5581ff5016eab62cb7224557eea0583ab5f25","1E-18","No"
"0x3b47d968242d2730bbfd98b3b8a46500de97877e","1E-18","No"
"0x3b693ab53cd42e337aedcb4c549539ba86b4a6a3","3.927493701982E-06","No"
"0x3bfc81798bdfbc25c7b09cf74b4ff1d9ec7c2a9e","1E-18","No"
"0x3c1a21d2bdc48e2609bdddc587f00ebf7b10480a","1E-18","No"
"0x3c96463dac3baffd84391f49d67c861e9d967a39","1E-18","No"
"0x3cb0173022c32200d159dd99e6be136923192ea9","1E-18","No"
"0x3cfb96b0d0f203cbc3b225ada8a4f39f60aff2f4","2E-18","No"
"0x3d2079d74a574edf5a7e03cf61084d5524883372","2E-18","No"
"0x3d3801e6feed0c3bdddc98f8a8a9959eba24b4f4","1E-18","No"
"0x3d9163975fb9beadd4d3466f89e038eaf2ced7af","1E-18","No"
"0x3dc2b7e5dc5274c2d603342e73d1d0a9de96796a","905281.567067907","No"
"0x3dc66b2bbb8415f6ef99e409ae390d302c0cb570","1E-18","No"
"0x3e2524eef486533fefbfd221498ff6a96530a964","1E-18","No"
"0x3e622a7b1d22fb9079e1d9133515bfed8b93f107","1E-18","No"
"0x3e7f2508ee84db1b17b1bfc87164360349287dd6","145.821428571429","No"
"0x3ec0bdc1dca363368ba6cbcff90771eb9ea63594","1E-18","No"
"0x3f2dfca55fe5acd2f1bc970354bf0cac7a4e980b","1E-18","No"
"0x3fa51624bfbc3f17bd043042b9595f7e36077dca","1E-18","No"
"0x4092faeab100e5c36cd1fb257c809907877611ca","1E-18","No"
"0x40a5ddbd38d938fa9da88625e97c0613f2eb2d24","1E-18","No"
"0x40aac259eddfda6e367b28478ed23d72052a9031","1E-18","No"
"0x4191371c83a8f22bd1336829e494129c37411b53","12.25","No"
"0x421fa1e0f040757bc75438711c66917ecf2c95de","2E-18","No"
"0x4282a9c1e5d6281a508b4baed79ec033a38efdf9","1E-18","No"
"0x42842c35329e504141e482cd0e30884fc5616aac","1E-18","No"
"0x4291ab8a26efdf45a89f1b4ba2aad8229a778a9b","1E-18","No"
"0x4320cbd95f388906de09e443e9eb867bcad41eb2","1E-18","No"
"0x4324cb6033dc536ff3d5e80be84e59940ebfebbb","1E-18","No"
"0x432ff38bf48b6af6cf99d5ecc041b8edc229368a","1E-18","No"
"0x4342fb98e5187985ee84c6573f62785b997c2ded","2E-18","No"
"0x43e963487cd3599e8f58cfe9e34b2eed59451e97","1E-18","No"
"0x45193d361865c847cda5c5cec9da168771446deb","68","No"
"0x451d75310ac169921871a6502c40ea231732e233","1E-18","No"
"0x45c1fc4cfd0e1d7930f6845e84a773b511553584","1E-18","No"
"0x45edb8fe5385ccd2d956c4b98dcd51c95b5f855a","1E-18","No"
"0x4699952a7d3182319660e219156ae0fcb84742b3","2E-18","No"
"0x46c5e35cb03e76abad0e2179f868926fa402bab6","220","No"
"0x47033ecfe823eef042f9baab15e9e5fa5f28d43a","2E-18","No"
"0x47340123e0b494d1bb490816b4cac53a3d72d2f8","1E-18","No"
"0x47417c04607445401d54b68e644ef76c67dbf0c1","2E-18","No"
"0x476d20cbba6dd37c828558aa104ae3fd2b34387e","1E-18","No"
"0x4770cd578451b0f546d84177d58c06c46d2a52b9","2E-18","No"
"0x47d390d7e5cd8c8d2b8fef9c2a6ef308c6584be0","1E-18","No"
"0x484bfcbacc65a6019943b2ba4bcd69a1a2b72e59","1E-18","No"
"0x487b16d67c52aa58b1c4d610aef5b83c2209447b","1E-18","No"
"0x489c4bdc25371edd4d8ea606b716893cd4578c47","2E-18","No"
"0x489d36bbc9cb1201a18e42b653b59bab6cd5bc0a","2E-18","No"
"0x48a16aefc6b19c822a7dca55349151d12a0eecad","2E-18","No"
"0x48e3d8c5da4fc06ebae5faab5a78d08c3a8c4de4","2E-18","No"
"0x48efd5a4fac62512645b471eb14ff7296cc002db","1E-18","No"
"0x4925de66fa9f53aa69421ed92b4d2ebc13a688d0","1E-18","No"
"0x4932d7e73f1cf255ba85f68895d7a95771b767ba","2E-18","No"
"0x49373c9b31644bae4bb62c13e5fb8ba237b4256b","2E-18","No"
"0x49ae3f1423d5ac1d3846921ecc93f4f78161cd99","1E-18","No"
"0x4a2fefdfe2ea271d401aa934e4385bf580f774f1","1E-18","No"
"0x4a3bb151ac39a46349fd99f4c473a15a6a567d38","333.333333333333","No"
"0x4a51f3c0798a039ac622e07c6844a582c09a1345","2E-18","No"
"0x4a8784e30f2922170c92735389aea8291057bdb2","2E-18","No"
"0x4ac9abab24a2072db4282dcbfec8c804028fb207","1E-18","No"
"0x4b3f84e844d93cbc4b00768d43cd2403a7f823ae","54","No"
"0x4bb3405adcf63253370e232520d2eedf7489c538","1E-18","No"
"0x4c0feb2af55daec24117c73521545495276b9265","16.6666666666667","No"
"0x4c309178667477237367c993c1357f575654cba0","33.3333333333333","No"
"0x4c6fe571e30c84c7f63cef2a84e31666c07e2872","1E-18","No"
"0x4c7b7ec3686af1270a3473fc592406156965b6e3","1E-18","No"
"0x4c89dcd8238206f7317ce6727da07571277f6af2","1E-18","No"
"0x4c9da991a9a91c161f3c194d617ed7016cda611e","1E-18","No"
"0x4cc9d950f296bff3f59fe29b5b09ca28a846c979","1E-18","No"
"0x4e52c07a9a699e68694c2c34a8d8cb6cf5401769","2E-18","No"
"0x4e6a93caa0dab50f86f17895ddef4f2e470a443c","1E-18","No"
"0x4e749c4f2a9c51b24c0d00cfe879fdb3fc7a4ff6","2E-18","No"
"0x4e8910eee1d630029720116eb354a1e0869981a9","1E-18","No"
"0x4ec38e6c27f5919fb55cb1042c4871755ae7ba3d","1E-18","No"
"0x4eed1931ae3434bf580479330ee8cd5195e9ba52","2E-18","No"
"0x4f4692720b1e046e554409b99ef261efd5ec8eaf","1E-18","No"
"0x4f4b8d21f5690c00abebe8f5b2f8db421b275783","1E-18","No"
"0x4ffa26d0c5bf572a599cc77e04703ba93e4863b3","2E-18","No"
"0x501a42174a27896cb53bb5bb8c4dbfaee6b870c1","1E-18","No"
"0x50738f45aeb503157f2ed8eedfb417dc30849f7c","1E-18","No"
"0x509228837c4f1b3324910379e468668cfe65b88f","1E-18","No"
"0x51e517b038e8a4025f4f23912bee971a38589b37","1E-18","No"
"0x51f130408c88447bff2eeed419ee2e2d196c3b9e","1E-18","No"
"0x521790ae748be07ec446cafdb4158e2bc466268f","1E-18","No"
"0x522e8eb2ec3ba5b08b958ac7143faf255ffa33e2","1E-18","No"
"0x53d1a40476cfc31e83e08b8fb651facb31d24576","2E-18","No"
"0x53f477a6ba1a00e48c0d8a272298360d76c312e0","20","No"
"0x543ea836aa5c465878116fdaf247b265265ab064","1E-18","No"
"0x54720c057ff33dfef6699e9d57db59933d534d54","1E-18","No"
"0x547e39b1e531d58c0a25a07aa9a932d722c73ae2","2E-18","No"
"0x552672befa178bb28d9d0f0161079a0a7dac939e","1E-18","No"
"0x554ac8bcdb8eb64b7d5fb9e7d50c907f57fa3b07","166.666666666667","No"
"0x5551b6e3bc37d125274b8556f42ea5885348242f","2E-18","No"
"0x55b4a6820f13688c734e0e9142e1cf63bc526661","1E-18","No"
"0x566f53ed81935a8b7fb5815dbd4eb3ec9e9c76e8","1E-18","No"
"0x56ad85b3a08ba7f23c5db70280f2e84a3fad2cfa","1E-18","No"
"0x56cdf5efd539f343fcafde2bd35cb977dfe1a950","374.666666666667","No"
"0x56f0b2f4e7cdccff566ca2f412253ed0928a2395","1E-18","No"
"0x571f32b55db744f99cd78bb1819ad9e317c97d42","1E-18","No"
"0x58036a652d493e1de7b2b5d5860e8f4eef5b6ce8","1E-18","No"
"0x58775c83f4846bc0c1e8d0d927ddfdf4bb6dbdea","2E-18","No"
"0x58af334b9aa6775c4cf53a7e5782f416a8e915d6","2E-18","No"
"0x58c537ae3995369ff2f191fd7d240ad9b4c7e7d1","1E-18","No"
"0x593ab301f24337b904da57799241b57b2d613fb4","2E-18","No"
"0x596514ca2ffe56b96bb1b59c19b32da781ddd934","1E-18","No"
"0x596fe1a7321cfb32d2a4626a45525a6b91073df0","10","No"
"0x59b2447469eab87b1a501c7dbea4931ddc386fde","1E-18","No"
"0x59c9d049149d99dd524e068b6e457c9dd4228ac8","2E-18","No"
"0x5abefb43dd981de409e58b13d7ad299d0b6f693f","1E-18","No"
"0x5b14b9cbad1b562089e230d7f7cc1b3ed4356fd0","2E-18","No"
"0x5c64461798fe85f4fa768755767c9d920a3cc791","1E-18","No"
"0x5c8ef70e0313004f79bd780f38575f899e448af5","1E-18","No"
"0x5cb6eca18d1514300e3f7a49334bcdcc4d7c3273","2E-18","No"
"0x5cfc938f972ff50af166b191e407440fe4aff9bb","1E-18","No"
"0x5d17f21cadc6cf4be1fadf4726586126aa9393ad","1E-18","No"
"0x5d38f4f6ab46e047c364ba0c2c7f6e98fb9addf8","1E-18","No"
"0x5d8069b10b5cf0ebc169f66a586465b2050a705e","2E-18","No"
"0x5ddb1f871cdf065d6aefd467e895c1710be263e5","7.25","No"
"0x5ddcd61c1b79274bea2cf5107c5f54a62912f133","2E-18","No"
"0x5e6a96597f9fe4d4b19bdc0dd05ec76e91bb341f","1E-18","No"
"0x5f317587dc53d5999ebecaa3ba70bd5b555b7dd8","2E-18","No"
"0x5f378cbc17ff41b1b75dedd6aaac3610cf2fc5fe","2E-18","No"
"0x5f44b0df7722a2b420357f714665890f12a72aff","1E-18","No"
"0x5f69205642340ffa04ed78c5db47978ce7c76183","2E-18","No"
"0x5f69e8fe1e03d75a5b68fdf3cd08870187660e11","2E-18","No"
"0x5fc728126caf1655f8f8c6f0defb3afe636a853f","1E-18","No"
"0x5fe20d3b20c9a8dac9fbbc0d7db02077e6c6d683","1E-18","No"
"0x60068b00cdad56b30f0dd6bd270bdac1dc0c5b2b","1E-18","No"
"0x6049e4e3f949a63bcb957b626f9f98408112db55","20.6666666666667","No"
"0x60ac04c1019558ca8536fa314aeae9e6e1a2ae67","1E-18","No"
"0x60e1a153690469898c410002aa7b3fe77fe05fa5","1E-18","No"
"0x629eb25299266f0dd6504223d0f689a4f1c3307d","2E-18","No"
"0x62a10a28737bb20c7f46949848c71de2516fd015","2E-18","No"
"0x62bac93b4626fb2bfdd11e239e7e2cb672557e5b","1E-18","No"
"0x6352cbdaaf6344209e5c97a4335b30072df008c6","1E-18","No"
"0x63ba5d38b655374022adae8174ab025683bbf049","2.85714285714286","No"
"0x63dec9dff3f7890c3d930b5e741f66c9502ec9de","1E-18","No"
"0x6405b39346519aca6b4a9e74987f3f0e8ca73e9d","2E-18","No"
"0x64957bf8965fccfaba86fffe75dd3f49a447a283","1E-18","No"
"0x64cb7fb5199c83a96210911653ed60dfe5f85fa6","1E-18","No"
"0x64fa6008dca0594a70d8f73a845f6bb6d925ac9e","2E-18","No"
"0x65dee3f56a96333f9116e9d9a54c50ce38886cab","1E-18","No"
"0x65e3d1aec3603155971927eb73f9255d7058534d","2E-18","No"
"0x65ff268da55d358d57157881b91bbd0b49ebef33","1E-18","No"
"0x6634867f01eed312b51d3515a577ce21704f2016","1E-18","No"
"0x663489ddc752f692e9d4fb68bc092a04481000eb","1E-18","No"
"0x66419856f6eb867fd64da1556668d932ae8ce760","1E-18","No"
"0x6643002a5a86e7302a8cfafdd395850455a4278d","1E-18","No"
"0x666af2666e3d00892efbf7d0788a13a391f3fa82","2E-18","No"
"0x6671299edd9c2e0b211d90a2775c24a9253c7e99","1E-18","No"
"0x668517e8d653a20787cca3fa6ffc735f4ef8e2ff","1E-18","No"
"0x66fcb32a3937d09852aece8ede489c53b1f38dc5","1E-18","No"
"0x671509fcee58532936b4c4038788c21171076d7e","2E-18","No"
"0x6718494ad506b711f815b765c3b351854cb655b0","1E-18","No"
"0x67794ef7588c25243cc59dd34b42096171bc8d6b","79.3333333333333","No"
"0x67833e2f85eaaf01dc0651df046d8dc94aab5d32","2E-18","No"
"0x67da9ce2a83537ddb92f2a5cb33dee7b182172c6","2E-18","No"
"0x68fff469540da3c263379dc88b8f905765567567","1E-18","No"
"0x6913b47bbe27dce35c0ecf5653e5b41ea4b6d401","2E-18","No"
"0x693df2a465f33c52acf77846dc4f5e088809ed6d","1E-18","No"
"0x697f2079037a8bf70e226692b4a5f89ccb90d579","1E-18","No"
"0x69bc73707a9e91a49dac9847369340e6c8545dae","1E-18","No"
"0x69c272e063e5c18478c469bfa607aaa33ef957b4","2E-18","No"
"0x6a0322ff9d0fc4499161baf993a9a320c0e216e7","2E-18","No"
"0x6a4c63fa342fe3c17cdd23a918829eb5f621ee24","37.5","No"
"0x6a99007848b873bc722c65df23eb0c3800a84a93","33.3333333333333","No"
"0x6aac1bc25850dcac441bb2eb14a9d12ac9f0da9a","1E-18","No"
"0x6b83e9e59504cdbe496be7681fce9603b908fa48","100","No"
"0x6c3ceeacba7c0c76b57e401e84ed8dae9ebbef6e","8.57142857142857","No"
"0x6c428b4a5f1478278399481ac9f1d4f0fa0d7404","1E-18","No"
"0x6c5cb5265251789a8a84e3e853e8d07a42118bbc","33.3333333333333","No"
"0x6c846a56b43e3398821943705220bf2c74793861","86.6666666666667","No"
"0x6c96a234d110349bd841feac25971f3b7a9370b7","1E-18","No"
"0x6cc71221b844b877e0588bb2744840db72aad681","2E-18","No"
"0x6d07e44adff4e33ad903ba10f2b9936a706d0b54","1E-18","No"
"0x6d7ed0da2acaa2a047630ea1741537b6f2181806","2E-18","No"
"0x6dd6c316c42106ad61f1c04748246af756d5e95f","1E-18","No"
"0x6dfe36d3f73257ef3f62e30280d97e8b9b18457d","2E-18","No"
"0x6e0a396ad4f901c807eb0fb84a0b0f8a234f2875","19.6666666666667","No"
"0x6e1f244f3e761acde02ecdf4558092553cc31623","26.4","No"
"0x6e51eb0623a8ae08ba9415500591b4a6f0ca1a08","9.5","No"
"0x6f202255838f049b0afd57577f84846f0b709448","1E-18","No"
"0x6f808c62aa40a7e6e031ee189ab09964f9479ae0","1E-18","No"
"0x6f89712eb44df51642b30a289ec64435762bc871","1E-18","No"
"0x6fc634ffbd2ec5370ca70897e16ee6e850424411","413.333333333333","No"
"0x6fcff2ddbc48d53224b62cd4f96bdd6b0f855dd0","1E-18","No"
"0x6fe43a9f54eec22998fdd10c1b90b6c27e40d855","2E-18","No"
"0x6ffb36de892652ab86dcb3c1a2aea210e20c21e4","33.3333333333333","No"
"0x70175e5bef70476ef6f363c50965a30f3a97a130","1E-18","No"
"0x7071dd33d009911694c20fa20a17818cd2fbdd56","1E-18","No"
"0x70bbb01e587ee2c7f2372632ed35e98286c9e9a9","1E-18","No"
"0x7121d1aaf2a05af016f9c11e036655153c3c2e55","1E-18","No"
"0x714b2069032573c447a08a92173af0282046f585","2E-18","No"
"0x71e1604d63a1edbf8a99f89ce4945bb53293a72e","1E-18","No"
"0x720ee847e27a400a03f429abf5b82fa99fe09296","2E-18","No"
"0x73187fdffc76559cbebe05d6258af35d64b67743","1E-18","No"
"0x73b6a4cbd5f86f450045532428e261c59b9da57e","1E-18","No"
"0x73eac4d93e043abb08c393b4a6e2aa4a12c5e1f3","1E-18","No"
"0x73ff4956ba78f279637a49ce07ab8df68d5f715f","1E-18","No"
"0x74264aa892c5c4b596b91f961b1387f94ef3d5a1","1E-18","No"
"0x74885d1fcc291aab02c83767b98281f892e7ce9e","1E-18","No"
"0x7567dee7d5199f03e1490f43e8d8c68bce58fff3","1E-18","No"
"0x7583480701d5c8f736926e02398dad26868ac81d","1E-18","No"
"0x75af32310985f9e91801ad58165e3eb766cb903b","18.8873091893724","No"
"0x75b5feea0f2facfc5c73d18f7d4b2110c629c777","2E-18","No"
"0x75cdc740411afbbdb686ae6d341c5540a03aa252","1E-18","No"
"0x75f99a1041c3083ef4e5b8f7ddd66b72d1f6f797","1E-18","No"
"0x7655a1a398eeb5faf83b4cc966d4e65dc3cb8e4a","5","No"
"0x77804e227c515443376f20f8fcbeccf6de7380e7","1E-18","No"
"0x7795d0909275eae039d25d0345420b603ad8cb00","1E-18","No"
"0x77e18e8bf311da07f8fd32c4959ee118c0ce3b56","1E-18","No"
"0x78096cd2369fd8dd1e74f50adcd762c2075146ab","2E-18","No"
"0x781f94f448a22913a356137d660d55262dc0e138","2E-18","No"
"0x782bbcdf6c24e62bead05d830f8ccdefb85925fa","1E-18","No"
"0x78310847585628ee7f7a051fd1bf77abe4c16036","2E-18","No"
"0x787e6f236c563ab756dbe1e8afcb7b3f21dd9ea3","1E-18","No"
"0x78a9de5456c0dc0dce0282a595a0b1ad8a49e2c2","2E-18","No"
"0x793293912b7084efd44710a0c80a2f587a5b3ac6","25","No"
"0x796c98c0401e9b0cd6119435ee71f1828cc7d6bb","1E-18","No"
"0x79888c10c1efc21f371120e082714938391d3925","1E-18","No"
"0x7a8c44883c2048f9d2a828679d518bdc6bacfdea","1E-18","No"
"0x7ab4af5fabcb23782d0f727a47f990efa21e629e","1E-18","No"
"0x7af3b5ed46636c46bd89289a072922bd20100a09","36.6666666666667","No"
"0x7b71e2eb0e3f8af716d24c0575e7b527458b4bd3","2E-18","No"
"0x7b77aabdf3a029c4c545a2abf36a85420978d323","2E-18","No"
"0x7b7d8c13a1de408be347380b531e3e8bbabd825e","1E-18","No"
"0x7c186a88e1a35df60f254b6820fa5b31378a004a","1E-18","No"
"0x7c2f6fce9d340c4339247ddfcc236ee020e63834","2E-18","No"
"0x7cc6999d00e4912aad54c7cbad176b8afe4e133e","1E-18","No"
"0x7ce190a38afb65104ffe400d665f769d3ab5b817","12.637096","No"
"0x7cf497a6c9702e6f3f3361a9617ecacb698461a4","1E-18","No"
"0x7cf957174fda8fecb811c906fc612d2bbfd40b8e","1E-18","No"
"0x7d2ac76238cfe399b6c29fbe83dddac77e96e270","2E-18","No"
"0x7dcf4ec29d333f392f3b5a10ee99f4999bc6d3ce","2E-18","No"
"0x7dcf8faac2fcb5c57a93e1ac1dfa1cf82fe366b3","50","No"
"0x7de10ea8b851777a8ed302562c81b5c049ce9ec5","2E-18","No"
"0x7decf4c6ac4a9e8bc35626baa72ca9e8603a33bd","2E-18","No"
"0x7df9dd93c02534361a8d4297323f82d3dfcefa12","2E-18","No"
"0x7e091a0a7950ae35f2bc68a495a86d9199fbf496","1E-18","No"
"0x7eee2acc10613025fde276b0b0bcb345ff7b4971","1E-18","No"
"0x7f1eff7aacf2060f034cd962e507a44726488392","2E-18","No"
"0x804711211234219d3219e321c460332920b6b13c","1E-18","No"
"0x808f31f3932ab66127330f927248577ab6ba4c43","51","No"
"0x811d9725bbd88636b99c7a5b12adc84482b46045","1E-18","No"
"0x816b5e55d41ab5368c84be07125dade79a2ccfc9","1E-18","No"
"0x818f01ce548a12914ed6daa29868ae6e56e4a433","1E-18","No"
"0x8223ea4f3cc3edad3213ffb9b8d743c12de8c4cf","17.1428571428571","No"
"0x825180fa7e1f68dcaf118d32c5ce62c32df915af","8.57142857142857","No"
"0x8258bd968bb4aa08710a8a218a1d6eb907bb1363","1E-18","No"
"0x82b77eeddf0e878540c688778035780dd20e900f","1E-18","No"
"0x8327c6ba807c1456a786e60608aa8b3f55f23176","2E-18","No"
"0x840344f4a41be3da9b1668b7a7f2754ac70a8fd1","1E-18","No"
"0x8428f389aed7060e21f78bdb874488aff6d08c26","1E-18","No"
"0x8436730403bd21afe25b318c940600a80aea14c9","2E-18","No"
"0x84670e3e4055333d2e8c06e20882321a80f28199","1E-18","No"
"0x846b923b1be30fba4f8ff83618c6ead08aadcb8d","1E-18","No"
"0x84d9dbd0fb282f3884bb663fe4febbceb046440b","1E-18","No"
"0x84e20fa92ad10cb460f621d10977410509071e9f","2E-18","No"
"0x84ed3ef14b58d3d3b83d62e08ffb737de6eff1eb","1E-18","No"
"0x859772cd108eddf5dce8e34950b4607cfaf67b93","1E-18","No"
"0x85c7a0fe5de94c81d9bd06fc4d5ad96b511a93db","1E-18","No"
"0x860aa8858fb89281edc6e35bb42222962ad2deaa","2E-18","No"
"0x86e5d910472cd11d26df5678ca920006c0b2c2c6","78.3333333333333","No"
"0x8746ab3f55f4e909296e82305e0cec8903787c7a","1","No"
"0x87ae174c210e0100acd43d04d9c23c7b5d50d417","1E-18","No"
"0x880087ddd7b7c5d5eefb2f22a427b767da0c2831","1E-18","No"
"0x883ecb3dbefca1ccec4f12b30566103da306e719","1E-18","No"
"0x8841dc7344832e9a35b02e87b9bfe78a1ad9e435","1E-18","No"
"0x88a8777351ad46de824b901a3923a57fc5680983","1E-18","No"
"0x88fb9a73637817ceee100efb61ea1ceaf177dd62","1E-18","No"
"0x8923550fb1dac297430e06ea129e5aee4999faac","1E-18","No"
"0x89351671f982bd88bc6d88382dff8a52b342132b","1E-18","No"
"0x89666edb7318ae35fee1459c5d7ceb23f1fd2e9d","2E-18","No"
"0x896d6a17654ef75e184ca6eebdf6e2a248f3667d","1E-18","No"
"0x8a59eac23e03aaa2fda3d421f9a0de5505a41212","1E-18","No"
"0x8aa0a1c9d2f6ee5802bc62f12af73922dc700b94","1E-18","No"
"0x8aba01eb0180d4e905210f8b6075dda68e1e8672","1E-18","No"
"0x8ad0e2d4a9727959b469a40af9f7755175d39f3b","1E-18","No"
"0x8ae593eff4c7f1a49e7814b69636bd353516b6f6","1E-18","No"
"0x8b3fd3e8b5afeb516638b29c5ba6544c5b013e2f","2E-18","No"
"0x8b8f13f5bd82078b4defd47a4e2c79e1af90be27","1E-18","No"
"0x8b93e7a4dbb1bafd39872e643ce76e06b15f4174","1E-18","No"
"0x8bc945b1ef5c30d80fdeb140c3ed64f8924605fa","1E-18","No"
"0x8c2a3566ba0bc2b478e7971ec0b6d06e9e78c0ef","1E-18","No"
"0x8c41415d02f210e2cb736ef15a977b6c46cc64b4","1E-18","No"
"0x8c47bfed6a99db3eec412bcb973eca763242c08a","1E-18","No"
"0x8c4ec2554f7ea4ead3d9e84b0fa7ce8037f6abad","1E-18","No"
"0x8c52d04182a307dac0c3c214061fbf16fdea46ed","26.6666666666667","No"
"0x8cc559240c6b111171b9e578e468908a78f0c456","1E-18","No"
"0x8cfc3d964d26e858d052c2256767c392f6088217","1E-18","No"
"0x8e2d834c6387b23c43362e388ff778175699a759","90","No"
"0x8e3cbb1a3bf3bb24140da6204da64f32275a9577","1E-18","No"
"0x8e4dd80ac6fdee8343866f622bacb1b1f88a250b","1E-18","No"
"0x8e65979914335d970cea9912cae180bdf6bd3fc0","28.4","No"
"0x8f5462bc8efb51d9c4bf151ac27d2b6630b475c8","2E-18","No"
"0x8f67a2d9ab2c6457364b90831e48c4a5cc904870","1E-18","No"
"0x8fda249af3d924dc3a0a41aae82ff6664ac733b2","1E-18","No"
"0x9007bb98c3c2ea1fd9114bd33f2315b37a863ad9","1E-18","No"
"0x904ba0307edf65c85cb11a8d249c6bf55cd2b6ca","1E-18","No"
"0x90cbbee109fe3e83aec227a5a9882a4a4de7d441","1E-18","No"
"0x911a20396e64ac47dab0b1c378c003247523a87a","1E-18","No"
"0x9169ae67b8b138d596d9f40915d9e85afe7036ac","61.8333333333333","No"
"0x9177a583d7603655b4ddf2b6f8bf8dc710ff12dc","1E-18","No"
"0x9260ae742f44b7a2e9472f5c299aa0432b3502fa","1","No"
"0x92960c3b64b06bea7fc7b183f2b2a42c3450d4dd","1E-18","No"
"0x930a8f7bd6fa77cb7004163dc63edabe9844cfbe","1E-18","No"
"0x939827138153566290694cd9ea2c801b45683ad2","2E-18","No"
"0x940c2d842932b3e2fa8784da5f6d4a043b99f9ee","1E-18","No"
"0x94d83370517312406cf5dfc74409a7efb44f4cc8","0.000343833502900954","No"
"0x94f5b218442439c8c5cb32fc4d647c79c2b516ec","1E-18","No"
"0x95d473bf1aa4f42e8f86fe2f0f1bfa1ad65295a2","1E-18","No"
"0x962cdf13a2d78b01774776f9e27e743f7ff9d04a","1E-18","No"
"0x965ba1d83e672c24f10f3d8f74463dffc67823ed","1E-18","No"
"0x965ebf1571213d776d93c44b5db458b077dee9b2","1E-18","No"
"0x966b52c972abe244c5bcec54640fa85e6a75de46","66.6666666666667","No"
"0x96bfc0d3b156740bbf708451684fd62b65bd3c1a","1E-18","No"
"0x96fdd2d5726bb0cfdceb55dce58bfac103f78ab9","2E-18","No"
"0x9714f6534470fb88b2d017718f69c4b41c853d47","1","No"
"0x975ab1f920059615ddbf3d08fa68962e10926295","2E-18","No"
"0x978e0415d0223027cd66a2d3186c9725d90113e3","1E-18","No"
"0x97e4d848b5c770c6eba604c4e1b1fd59d22da18c","1E-18","No"
"0x98db13a8d8f13d7e717f83fcd5998a20db8db460","1E-18","No"
"0x9970bdba81948fd1912170d85c6eac6c860119d7","1E-18","No"
"0x99aa4f42b3d94c64d6b83896e4cad1fe8bae4dcf","1E-18","No"
"0x99dc28a059ca9fff129e79d4c7b4e12d96039c57","1E-18","No"
"0x99e67c7ce766163f70a6ea3cc8ab250fd1b519e4","1E-18","No"
"0x9a79f41f3399a9a5a1b874b560ac90b46cff6265","2E-18","No"
"0x9ada8d480d89d68898a44ccf894e3287747d6dc2","492","No"
"0x9add913dabb105e552162cc9c962e8e4febcf140","1E-18","No"
"0x9b74d831b6bc4cf39d78eaef324f7f67b1e20638","1E-18","No"
"0x9b9259b110afb32f530271e0a8172a94257f72d4","1E-18","No"
"0x9c1ae0d3b78ba948720871f4c02b2cd19f2e0532","1E-18","No"
"0x9cd67d6f8c7696c33bde34916c305b21acf62042","1E-18","No"
"0x9ce6d41f454bd78780abe6f1b99d4ef693db92d4","1E-18","No"
"0x9d238b603cc4d807cfdb4413c59b14a92a451067","2E-18","No"
"0x9d3c511223b089e2e4758e18fe53d53deef7cc67","1E-18","No"
"0x9da1412fa012db6a4ed6753578dd6fc7729ab43d","1E-18","No"
"0x9e20f1e07b7ec84df782dfdf54dd2da144047725","1E-18","No"
"0x9e883b3c996e9a1b3593a66f1338a1a2f93cd34b","1E-18","No"
"0x9eae4c9d02fcba0322c82a1ec271a10183baa157","2E-18","No"
"0x9f237e87e6ffaf390fbc7db4ed7fa13af58ef4b2","1E-18","No"
"0x9f3b3e2bc75007b3feb6c057a127546cb8fad59a","1E-18","No"
"0x9f73febc57c35c124c8578688f4d2e1bb23e6e0d","1E-18","No"
"0x9fc992e8f7fb8a99b0392bfbfb8ed97101149ec4","2E-18","No"
"0x9fefd55674ebc732075ee6e361b696e891633724","2E-18","No"
"0xa0bc6ea7b5dd04d87ea974f639753aacb352a332","1E-18","No"
"0xa0fc30d2f795f266e3d996a90f4f3666c99157c3","1E-18","No"
"0xa10aa1fa4a005af55771cb5ca4d975a8521b3cf5","25","No"
"0xa1908911a7e11ef5900dee0154276f93e3baed8a","1E-18","No"
"0xa1cc78c42a26be0903debc97b682cc93f0767a64","196.666666666667","No"
"0xa1dce03c51b0ac5860cc1176dea560ef75301ab5","1E-18","No"
"0xa21f70abdab907630549bd79cafed72bad44b359","6.66666666666667","No"
"0xa2ee6cf3beeae278dd737d72a93d09da5c245486","1E-18","No"
"0xa3b01b040539e57125b1c58207cf3ad8eefa58e8","1E-18","No"
"0xa3dcd6f71f3273277c1f8a157862e2afccd39e50","1E-18","No"
"0xa3f17ec5e29d4578f7f282fbaebc9efe34b4a7d3","1E-18","No"
"0xa4478d4e7df42d9185773a0a8f8560f402b4e508","8.33333333333333","No"
"0xa44e14faa0c44543f273c7e0af00a2940ccaf259","2E-18","No"
"0xa4dcb7c2a285d8c75513e5e9bf4a86783b24f78d","1E-18","No"
"0xa504b04ded34fd18bd62899a28d41d01ab52022d","46.6666666666667","No"
"0xa51c28f90913d521c945b2b2f6621347e840d38a","1E-18","No"
"0xa52f6059247758890ab787e63dd5f897cb1f7a68","1E-18","No"
"0xa573c4acc725b14477a8a1662c0547452535b1cf","1E-18","No"
"0xa58a9f595fb68edbed8f77a6bb34faf630cfbd60","1E-18","No"
"0xa59b72478377d0d11fa3fa6c72433ea901a3bfc3","83.3333333333333","No"
"0xa64caf5c465c97bd17b63862eab48e87a7787e7a","1E-18","No"
"0xa664fc8075185500c4a321f399b49df47454ffa4","2E-18","No"
"0xa673ae9a2b9ebe6a01691e0280130ffbfc61fc49","1E-18","No"
"0xa6b20585b53ee8db79b3dc646c1d16b26f74c432","1E-18","No"
"0xa74018b76bcdb6befdf06da18572c391a26c5bab","1E-18","No"
"0xa78b15874af53dd681a615fa005d4fd41286e89e","2E-18","No"
"0xa838809f61c9244d0842450244e9beb648c97100","1E-18","No"
"0xa85819617a048287ae2f5ba42740d7d71c9e439c","1E-18","No"
"0xa8815cf3c1615815048bb1768e91e3737ed989e3","2E-18","No"
"0xa8a85fa9a8947ae617fb9bb27552ca6d1f4d8b09","1E-18","No"
"0xa8da995c5f5bf2ddc0f2579287b268d6a52b4733","1E-18","No"
"0xa8e6eb7c4923cb9dc40673d5b13cdb0baeb337b0","1E-18","No"
"0xa918b159bd1e8fde48b6739e480869dd2cc8b043","1E-18","No"
"0xa96e3d67c02422fed61c81a9045efd998afff775","1E-18","No"
"0xaa13b3e71db9f31c6f333103bc784e6ba6d8b3e1","1E-18","No"
"0xab189f7661c82d546aa06a0c4a04882ac700f0dd","2E-18","No"
"0xabd5f2502441d0f570fed9963e63f84849787fe1","2E-18","No"
"0xabdba2e2b22c036efda11cd4c5388d15209eb425","16.3333333333333","No"
"0xabea31f0b228dd92c5279c9cc4b4c0fd48f030df","1E-18","No"
"0xac4be73d4aa60302f1b309897dcc7df5ed77179a","1E-18","No"
"0xac4f5b7227ab4eaf0b210a9509d8affc8f64a45b","571.428571428571","No"
"0xac802e98d25ec02ff4be787e538eddf40c7c04e1","1E-18","No"
"0xac904735898a79b2ee0832abc7d1d8d556a225af","1E-18","No"
"0xacb988cb8fe2364c60904b947182ac46f159b937","1E-18","No"
"0xacc302551d7769ebeb005dff15dba079f9952185","21.4285714285714","No"
"0xacf729aa410479ba861fa30474b6d2201c21a9a2","1E-18","No"
"0xad178fbee0383f1b5dd4cc31aec8e080a46ed188","1E-18","No"
"0xad3f5a4526fbed82a865d1baef14153488f86487","2026359.3364636","No"
"0xad702725635dff555cbb35ee6c8b0fb76c091ce1","1E-18","No"
"0xad7b36b1aa2f1ab7a8c69a751443e430f0269ab5","85.7142857142857","No"
"0xae5e6d0951245d5eaa0650e5e05e828a6e862717","1E-18","No"
"0xaea3b43960c564a438e51c8cc4867b6edc67bfe4","1E-18","No"
"0xaed13cea9c3894cce9e9dc33da6e36265643d531","39.3333333333333","No"
"0xaf0c62f0e8738ea64cf431c8c92f3edbbecf4793","2E-18","No"
"0xaf5ec856018ba125c15c48899712a2ad0beb7b1f","1E-18","No"
"0xafcc3a39bb4029c424a339fd5a2bd5a563ca99ee","1E-18","No"
"0xafe9385414a41d429e96951991676f60c2af5792","1E-18","No"
"0xb0180b561cc206050a9f46dd92dc492ad1ab9457","1E-18","No"
"0xb0346ac5676e031a55a2842aaf068720f23fc0f4","2E-18","No"
"0xb0912cd89db651b05cc587cf66400d71a40e5e01","2E-18","No"
"0xb0fea1a58045072d6529614d8223bd9567516f7b","1E-18","No"
"0xb124708a3949de4dce98c383aa6b775fb0eb059f","1E-18","No"
"0xb163f14787aa4511bdf9aeb0be662b9cfd30af18","1E-18","No"
"0xb18f82e2589bc2bb720b2a50783d051d4b49c11b","1E-18","No"
"0xb1f645c46a1d073eb9377a9c901098503a2bd509","21.6666666666667","No"
"0xb22ae03046152173cc984f06c60c729a42a9bee9","1E-18","No"
"0xb27a8aed6bb118f4448c637933385cc31d8ac464","1E-18","No"
"0xb28a63227a3886db55ccb270d8a36e65a6b808c4","17.3333333333333","No"
"0xb2a22ff1de481366776c35b987d7e0861fa3bb31","1E-18","No"
"0xb34b4b52ea5ec9f9965f01b3652aca16ec7e7f16","1E-18","No"
"0xb34fdaa28c68d4211db4e520e29116c6f4ee3eda","5040","No"
"0xb3cb876176bce80b214a12591861ead4c0fd2039","2E-18","No"
"0xb4bb04faa940673da20b8c858f3726ac2174f164","1E-18","No"
"0xb4da1673db21f42dadd74df3e02a85868a6da520","1E-18","No"
"0xb58770d55eff61841b6c0b472217bfe7ff936fb8","266.666666666667","No"
"0xb5b5c0fa07f93ad7575c9c2a2977df52e954d51e","2E-18","No"
"0xb60612590d1410e112ca06f06db4ca1f0827df34","1E-18","No"
"0xb6216befccf4d1dc9c83dac3581d747ac34e06ac","1E-18","No"
"0xb67693f90ff6d63030a36bb5d182edf9df2616fa","1E-18","No"
"0xb699ccc2163a10ac2664b8df5514fa8e3cd2423d","1E-18","No"
"0xb6f5268e549fd0b6cec5d0e785be40198906ea2b","28","No"
"0xb732f2e409ef7c5fc1865943f26b35e160384f73","2E-18","No"
"0xb752941b4e36bfd89283467883f66068b9c2fbeb","1E-18","No"
"0xb76f37130620867b3657993e8c9f71fd4ce907f2","2E-18","No"
"0xb79252042f6639d02025ec881d52434cbe8cfb70","1E-18","No"
"0xb856d69711e9ac2d57eebc5cd45a74161dfd129a","1E-18","No"
"0xb8652e1e6ea787e48497aa841e45d6594ab0cda6","1E-18","No"
"0xb8aa2a51ed3e9c1471af89273781db3c94ccafa3","33.3333333333333","No"
"0xb8ce3fc4d0a60e9e28973d42435dac211b273b87","1E-18","No"
"0xb917d9e1bd9ef2a424b12ed24a32fcc24677dcce","1E-18","No"
"0xb94dbb81957db89b587bb2bdc8015751a7ee07e6","1E-18","No"
"0xb9558926c1f9b568d8197e6882715ead09344a12","1E-18","No"
"0xb9ad27eb764b29b15ceaed821348e3beccd6f7d6","1E-18","No"
"0xb9b3c7767fe241f68546f1160008b951d84324a2","1E-18","No"
"0xb9f0033df38f2f492143776d94301186a6bc11d9","1E-18","No"
"0xba22bf5447fb61e4a054b7cb1e0706b4c7bec085","1E-18","No"
"0xba5edf064de4b8ff0c15c54ff34760fa9f031ba5","1E-18","No"
"0xbadb57d2bdc83804877f1070f042cb74558ae184","1E-18","No"
"0xbafccfaf3194ac044e17e43ca28bb639c054775c","2E-18","No"
"0xbb566f649780da4e8326f0bc5c581655efeea04a","2E-18","No"
"0xbba35c6fc40445f0f667685b3ed7c8517d755ec1","1E-18","No"
"0xbbb73aa47c398f35a7366a5864e2c873b9cad1a7","1E-18","No"
"0xbbda3cb33797f9cde75c2ab14ff2761e40a9845e","1E-18","No"
"0xbc097bcd67adf0f2068f7120eb202e18602503dc","2E-18","No"
"0xbc7c98bd8c68dd4697622af3348de6c2aabc8736","2E-18","No"
"0xbc95a5b8caf376c3135e765a1b8dd015265c61f8","1E-18","No"
"0xbccb36dbbc6b4d8aa95d3591f1e03fb48eb8c40d","1E-18","No"
"0xbce6ed6f560b4d2ece69f3f936e32d72f97a0b1a","1E-18","No"
"0xbd62ad2c0e2c57de27090a6131714fd78342336c","300","No"
"0xbda0251f51b2cdcfc3cca41cdb9ed252bc0d89d7","720","No"
"0xbddfb505088547d1b6bcf68603203455af805a73","1E-18","No"
"0xbe23d6611df520a94c0faadb5ccd58ad69a24cb0","1E-18","No"
"0xbe8ba22113bfb2dee3ba8b9026da5cd27cb053ec","1E-18","No"
"0xbebd693766d0e38d7421ff300238db493919c7a1","1E-18","No"
"0xbede511a828c3ebe43153c0cd01fadfb6efe7f3e","2E-18","No"
"0xc003f36a59e485a34407a1ab9b9e12f1b6a78625","1E-18","No"
"0xc096c8b0ef1103b359b2950216da77a6977eacd5","1E-18","No"
"0xc0fd0b3900198dbebd1a2bac9454a82d91093395","1E-18","No"
"0xc12bebb32308bcae656474230b1525df8e8c542e","1E-18","No"
"0xc14a322f28d4633937e58fe59087d0a5a13b225a","2E-18","No"
"0xc2195413fbe194837db088ff98e79df414d9a6b6","2E-18","No"
"0xc267748b2be047fa54883963567b114446d12408","2E-18","No"
"0xc4654da314f77f42560c34ce6eb0285b87533002","2E-18","No"
"0xc541379b5ebc5453a2b3bee07a990b84344b0c32","1E-18","No"
"0xc563109ef24a191055e35cd39a33c059fa11392b","1E-18","No"
"0xc587ce16afa7abcef03657ea7167f3d321647e0f","2E-18","No"
"0xc5cdc2b5ec5ce3394f58b33b38e27755520c5b1f","2E-18","No"
"0xc62acd639e9d194894348a6efa663f024446fe51","2E-18","No"
"0xc63cf58b68bf64bdb5314c9304fff8fb77592530","1E-18","No"
"0xc63f45a1c950bf043bc84cb5b3c30f39bdf61522","1E-18","No"
"0xc68cae52ad5cb855c7b6b1049e6f6cf2eee72a56","358.666666666667","No"
"0xc6adc623d90d1e53aad5da9b26b04fa7efdee9bc","22.6666666666667","No"
"0xc74cd09fc3cfd9e18fea7f4c88c18308b86dafb6","2E-18","No"
"0xc780b92c112da98de75f16901b55cce283a08e70","1E-18","No"
"0xc7a5075aeed4e5b3b17f334574cca563c68a5895","2E-18","No"
"0xc7c7e4ac0fa13b17dda6a51b0d3a6009a8b91563","1E-18","No"
"0xc7ef590ef7edb29de6de4849718507c96f71aa04","120","No"
"0xc8d4fb1b9d2f1de2a18ca06d85b96febe2f21077","1E-18","No"
"0xc92d817c6d88038041a4817c8dff856dc6c2fc9a","1E-18","No"
"0xc9e62ff734f118bd4224e8ad06d41c90275e1645","1E-18","No"
"0xca354c6a5e1973d5b7ffeaf28032ff46353f7777","2E-18","No"
"0xca5c14bda6cc36a1046065b7f216f885e27a1a24","1E-18","No"
"0xca7499387fe16366f1d31de3ee5bb71056b43103","1E-18","No"
"0xcad325df8300816ead4d6d39f742195a16233ad1","1E-18","No"
"0xcb16f78e18f328d8ef1fd342465afa60c7f4e0ee","1E-18","No"
"0xcb89b291200037fa87259568dc9e00ea836c02cf","1E-18","No"
"0xcbb3a80bf5912a3fc0296ba9401523f5a6efd347","633.333333333333","No"
"0xcbbd876a00e14c5c2599ecea0f60c3c643277414","1E-18","No"
"0xcbe25d019f1d0a3013eb2b3e4a17e6880ad2546e","1E-18","No"
"0xcbe54bf98cf76e36387984bfb3da6389e68750b6","1E-18","No"
"0xcc2a45c6d92ad5bc2300c8eea1e3e2fc23b4ed28","1E-18","No"
"0xcca607e17e2502150f81a63b1663cbd234cd41b7","1E-18","No"
"0xcce58276cb701b182c1d728bce8e913d053d0fd6","1E-18","No"
"0xcd1550d699d7df48002c42a04517ee69bc07cc27","386.666666666667","No"
"0xcd1f00e5bfdc2ba5eed6e6f99b789f27969d8dc9","1E-18","No"
"0xcd287366ba194c5aacbcbe374ed67cb2fa56ab82","1E-18","No"
"0xcdf16a03a01071de6584cd104884c753715abe7f","1E-18","No"
"0xcece1cd2418330baadd77febe7926ed7597364ca","1E-18","No"
"0xcf2001a16b69543fd4bfb54f1d4528b6c5307a3b","1E-18","No"
"0xcf62026311482699df27db798ccd92f0e86b1c46","1E-18","No"
"0xcf9cfd12e8b9d19734f74a0f029c16154cb4f918","1E-18","No"
"0xcfcd1cbf3c00c8808baed1bf4ded00a41dc72106","33.3333333333333","No"
"0xcfdf51d253399692a405f4c6f59470fb3eaca6ab","2266.66666666667","No"
"0xd055dd9b13945397618e17d73cd636b6c9a77d82","1E-18","No"
"0xd0643c1a11887b5ac4ef603d2e3fa6cf463b899e","1E-18","No"
"0xd13e4b9bbab98997e3d951777d9ec67665c32308","2E-18","No"
"0xd17e6f19e4dca06ccd8601003d61a018a2904cd7","1E-18","No"
"0xd1dd6a9fffaa90d78e1d6964aac7d9a53e2f4146","1E-18","No"
"0xd1f981c907494bf9bcf8eaa90b350b5d4b5ed0e8","2E-18","No"
"0xd23342747223e85ac8ff4750f8362c8815052574","170.666666666667","No"
"0xd284aec3989e0f2459a2fb2b260ca534d437808d","2E-18","No"
"0xd2d8dbd7d936cc3f27906f8bbddacd7b6139a8b4","1E-18","No"
"0xd3106a0191cd77528d52e48370b66a94c628778c","1E-18","No"
"0xd3137741763cc0eead8cf7b3bcf9e895b61bfb51","1E-18","No"
"0xd3734320b847b92a70d4ba20e7b6a83d4393d3be","1E-18","No"
"0xd3b883e92cf00b7d6b47bf86273207ef9a234be2","1E-18","No"
"0xd4105c56dcd0497b3b220eb2fc88022465717a2f","1E-18","No"
"0xd4b675aa0c7d5254fae249b55b4c6756e855d62e","2E-18","No"
"0xd4d50342c08b5f2d283709c4f30b14412a01f89f","1E-18","No"
"0xd4d72f10b0878b42d82fb2ab533d37c6263f33e3","1E-18","No"
"0xd54e9019a16b355d8fcbaa4b11fc8212ebd236c5","1E-18","No"
"0xd582c1b87cdb05c1e15ebbab56d650a28df6b84f","1E-18","No"
"0xd5a30c6993d19902f663ae998ba85dc8387f0c85","90","No"
"0xd5c7022bfe15f536d9aa804717f5a4a3d4eaa9be","19.999","No"
"0xd61f89b1d59354fb15366fd75c77846be97ba352","1E-18","No"
"0xd64590ab973053c1106f741da127bf753ad63cd6","114.285714285714","No"
"0xd645b460dfdaa50b9274669b1f3868eb578d73d8","1E-18","No"
"0xd65b54bb7aaa08d377614e40f1bd5d120d51d423","2E-18","No"
"0xd6774d4be0cc524e8350c82ae0b76414faadf657","1E-18","No"
"0xd6b09f1d6b1f35c2ff09651c221663bce4993204","1E-18","No"
"0xd7aa178bb566c614d75b3aa0e64ab90c2feff80d","1E-18","No"
"0xd7d5310f03ba2b386658b5d3c8988ec7d7a3f0fc","1E-18","No"
"0xd7f74cc157efb2efb845058ad4d341fc6211864f","1E-18","No"
"0xd7f8a1e2a7c2fba88377fccd6d25e18afd107596","2E-18","No"
"0xd8c77c1f3cb197f095df317936d605c79554f362","25.4935333333333","No"
"0xd97ed7c013801d4d4689880c4e8ca2d6d91f9dee","2E-18","No"
"0xd99022698a6ca829bcac9670557b7bd8768f3e92","1E-18","No"
"0xd9ea22303ca71c7fa34c3a5f30c47dd85ffb5914","2E-18","No"
"0xda2638b5e65fb14f4ce590c73f51cfec85fcc067","200","No"
"0xda31185cbeabad51b4c7e52db258052266f8303c","43.3333333333333","No"
"0xda54ec322063bf16e1223ec7b82d3338a7cb73c2","1E-18","No"
"0xda806eb3088516a78c2af9b3ddc1de95df32c094","2E-18","No"
"0xda817a9572bde8a2cd2c7633bdc4e16010f4c2fe","1E-18","No"
"0xdad9c389544b4e686430b27ce0e02a135b7464e8","1E-18","No"
"0xdae3726a97b806f792187a29259a0541fa14823d","1E-18","No"
"0xdb330d3c61cb94b78dae783ad01a00bb5ebb3a17","2E-18","No"
"0xdb560b9f5b3ad6acb68c7ef1cf2f0ea4dcfdc535","1E-18","No"
"0xdc9f5faea92b6e02f03d74bcb36b6768c0159a8b","2E-18","No"
"0xdd395dc340149aba2d64bcaa256ea56b9ab99c64","1E-18","No"
"0xdd458c69f8e5206e737c5984d812f74bd69db6d6","1E-18","No"
"0xdd75269874e79b434ca75acf9aedef1a8c61ac3a","2E-18","No"
"0xdda14d9fe1e4789d6d498472b2171a23caca84b5","2E-18","No"
"0xde3a987845a47608c121544cdc5df64a9de6783b","112","No"
"0xde3ddfaf74f68539b9e9ab35a1d341df5781e749","1E-18","No"
"0xde3ea553bbd9fae9657a1dbf2206d32633f7c32f","2E-18","No"
"0xe022bbc734d104f600f1da4af9092678899c1529","706","No"
"0xe027b5d59530cf15fe0eba313e1374eb2fb6355c","1E-18","No"
"0xe0354a1f22c9f6a364f3bc7104243b07ef3d9b36","1E-18","No"
"0xe0a16074cb22dae8a05781977bc49a1445b822e8","2E-18","No"
"0xe14b74214082a0ac923c0c1d045c1d8042709a90","1E-18","No"
"0xe15a4925bc024d67ed25199beb99063e0c60e73a","1E-18","No"
"0xe1b901565004d19af495daa4be03722a2f2e7b69","1E-18","No"
"0xe1e886d578b1ad32280b6c64ba52ed48f96c5b58","1E-18","No"
"0xe276d01ee1d5886d7f169ba9f0a5cb26845764e3","2E-18","No"
"0xe310ae09ca3ec256848cf7fc555b4817b2359b42","31.6666666666667","No"
"0xe37428f14758be2032d28b64b477a5e4a941638c","83.3333333333333","No"
"0xe390aeb4321279af4cdd89e6cdf2ee0528d935f4","1E-18","No"
"0xe3cdaf368cfce5be850719c886d52ba6838712ac","2E-18","No"
"0xe44d41b6100dd95591a224339f8bddee7177d849","1E-18","No"
"0xe4eb56058c7b5f1bcec91861a968d37bba56db39","1E-18","No"
"0xe5849563ae7b71e4cadb4e81f14c56c3cb246e3e","1E-18","No"
"0xe5b1fb66ed888fe5a0f30748248aa026a61ec480","66.6666666666667","No"
"0xe5b3279be1cabad065c942f0f98f76d4a9e677d9","1E-18","No"
"0xe5d3013770b744b1c8a55faba83da9847fe112ed","398","No"
"0xe60375cbdcbdc20ff4bf939fc2c339121c94562f","1E-18","No"
"0xe68d9c96c5a06b91ab5099e3f90ae4da7b8e8ede","1E-18","No"
"0xe69fd29d5a7f488d82109386217fb7e3b370fb14","1E-18","No"
"0xe6cfa69d0ac012c56c69c1786319cd646d45b61e","1E-18","No"
"0xe6f193fbf0c5e02e433c91f206bef0bf422ff897","1E-18","No"
"0xe701fea0eebe348d9c69a06c0ee87605c4784068","2E-18","No"
"0xe71238050736b0156a5d71f5871764348b829531","1E-18","No"
"0xe72ba59c7b2c21066c068ec7f018b96b1741cfed","1E-18","No"
"0xe759c4ddefe5ad592b2875ff6b2f4333ff5f117d","1E-18","No"
"0xe7648d2d5d0520702fde03a0253ae8ee9019ef55","1E-18","No"
"0xe76abcad7f616943f0519a76415f1b8cda05798b","1E-18","No"
"0xe80070a21ac90a0522f0f3549ae3d9f5230f7927","1E-18","No"
"0xe813dd3321cffa4f27e8f31ecbba3595c70faef8","1E-18","No"
"0xe83330bf2ecee4036bdfbd7ff7806739ef523384","1E-18","No"
"0xe84941fe43faf6c8dc360cd1e4c5448cae98bac1","90","No"
"0xe868c3064b3ec6385b0e54142a5dcb6b1d825054","1E-18","No"
"0xe88a8a6fe49d64c5ec2783413ab7388b5fd23884","36.2857142857143","No"
"0xe90247d283bb9f3d951e0145c9f8fd315759fa50","1E-18","No"
"0xe99dc6325a6ff34ba741b7c8246f5beda60c17e1","1E-18","No"
"0xe9a53330a9a34ab54f3039f80433fe04cf970a13","1E-18","No"
"0xe9d94dbd538929b1c744f54924354df3c9d1a55c","2E-18","No"
"0xea89bf22f039bd59c516ec617ef2a5a3b4b084a6","1E-18","No"
"0xeabf871722c420307e0b164b0b954c21acb24ebf","1E-18","No"
"0xeb293f8946c210f5772f544b87573f1394130d6d","2E-18","No"
"0xeb6bb45850aac4abd00402de7e1b1dd607fe522b","26.6666666666667","No"
"0xeba0db97ec85ef23049af7e1270d7240df4bb59f","1E-18","No"
"0xec0c6142a667062c9cd640e36a3779d82e5d0b0e","1E-18","No"
"0xec3b9ee16483a6399957d217efa413097a23f8dd","333.333333333333","No"
"0xec4250553bb5f7d4376efaee119a7c0019604d4f","24.638","No"
"0xec705d1d48c41f62bfffff751d5dfbaeba4b98d0","1E-18","No"
"0xec991b6feebd67285601b0dfc4beef86a2af991f","1E-18","No"
"0xecdc1b6801732c1f0f672898947d329562cace45","1E-18","No"
"0xece3c3a92d50ce9ac2676f141a637bbb617bea9f","1E-18","No"
"0xecea5a323b07ad169afc44e3566c02105b1b9c17","1E-18","No"
"0xeddc156a059abd69138ce3ef25e2d884fcd3c87a","1E-18","No"
"0xedeeff704a0c0ae871e615421dd86c769181bb33","0.00815768839187057","No"
"0xedf2dec86abdc224dca01de476a7bebb8e621034","1E-18","No"
"0xee24f5d9fffe78232d550d44389f7bbcd44a8f51","1E-18","No"
"0xee7fb1ba2761b87bbabce3f71403baf8d4862559","1E-18","No"
"0xee93e5e3d3322d0cd8623b0da5ba9227df7f8ae4","2E-18","No"
"0xeead2ae6eb6d99f16bedae7996027bf51290c1cd","1E-18","No"
"0xeed3ce185f6ef84fbf77c78a524e928a0376d5fb","1E-18","No"
"0xeed8e5a5e0c2feb4d9133438fd277b24bb36b34e","38.6666666666667","No"
"0xeeeacfdd9a47ffadb2235dd21a7dd122eb4de9ab","1E-18","No"
"0xef029c4c9f5d266647108c33a164fcaff0d5515f","1E-18","No"
"0xef09d895d64aae55ad8a3ae1ed0674d7fdcfd839","2E-18","No"
"0xefb6ae06b48f03cb939f0eb5654627b83dc6e3ff","1E-18","No"
"0xefbbf48404fa8977ccf6ae7ecd6d7100c416cc79","1E-18","No"
"0xefc94a826f6f6b903de650c9e55051892fe7bd5d","2E-18","No"
"0xf00a8009431471a1dbd6d831de5ce9607845e63e","1E-18","No"
"0xf032191ae96ee3f4332eb9c497ac38d198d2d387","1E-18","No"
"0xf0d22c98bb362ab8c38ae4098ba9088c988ff52c","1E-18","No"
"0xf0f9a298b96e645e7a96918b5bfa99bcc778a9b0","1E-18","No"
"0xf137f3409657c4dbe297b26d7d1a3233a7272d32","1E-18","No"
"0xf16e9dd6b1f360fe597bebc037379820e2abbbc1","3.33333333333333","No"
"0xf1a77573c004862234d3c2b377d9ec8f97a03f19","2E-18","No"
"0xf1fe6aaa97e095759fbc400450459a19bee21865","105.142857142857","No"
"0xf2340f82f453b90a53a8e5d061c4f7d6b9f68d4f","1E-18","No"
"0xf2cd22bd2bd655b1469ff1c41d019aed2b6ec735","2E-18","No"
"0xf3183ce0247816ac7de96de742a77c56b2d21f03","1E-18","No"
"0xf3284a0371fa6d4b2415c5b95947bbeec7cfc0e5","19.6666666666667","No"
"0xf371a4ae49f7e822a25314d48f33278724ad9de1","1E-18","No"
"0xf3ac6ed78555762a12e498de9faece69acb2d561","1E-18","No"
"0xf3d08683e9a205cd0b89cbcc566cb498a26b4c75","1E-18","No"
"0xf406c3df4e5885b18ee0fd63eb5efced6cfa881d","1E-18","No"
"0xf50cf06caf5dc4c1ad2ee60b236a0e5718529e9a","1E-18","No"
"0xf57bd628e2776691242140d14f42489683895e41","2E-18","No"
"0xf5841f25db68dac1809b6f047237bb772cf95a79","1E-18","No"
"0xf5868534806ca202c1fe302ffd95caf9ba3b2bcf","1E-18","No"
"0xf59bca3e92406c78559986b0b576e3a246440a4a","1E-18","No"
"0xf5a3f9d6c55160c798a47ed0f93d0f0fb1f6ef2f","7.14285714285714","No"
"0xf5b37f9760f1532d79da3c1e6fccf01ea0c6bb2e","1E-18","No"
"0xf5bbab0216b69477de1b7b7ae0519f3b527fff77","2E-18","No"
"0xf75684daf022e00b99a55e18bf42d79abf125416","2E-18","No"
"0xf7d170c6c72cf3a1e3a958565c7d7041ca578a9d","2E-18","No"
"0xf81b19cd7b9d6a7651c3d6c24a4022a495297ec6","2E-18","No"
"0xf8459ba93f5b2df9b22b864c0fdbeed3eeacb7e0","1E-18","No"
"0xf84df2195382c3b6a08b841511300b6218873085","1E-18","No"
"0xf87228b7e3842a7b9225d1812d7915d36af5382a","1E-18","No"
"0xf8f932b9037d4e5e4cadf49e0682af32300c5291","1E-18","No"
"0xf928e8fdf2436e3d588f1dc3c0556a615679d43f","1E-18","No"
"0xf9440a3eac1dd1f41e248ca592c6efa6d6046212","2E-18","No"
"0xf983696419852b943bb9f9636634718fd420e9eb","1E-18","No"
"0xf9bf75a357fcaa5cf3d07ff1ef5a011391327fe6","1E-18","No"
"0xf9ff88d9064ff5cb7d4fa376430244f0b1fcbd9c","2E-18","No"
"0xfa04fc81122c8cdee26638413d52e02ead85e4c5","1E-18","No"
"0xfae0e9bd02bca4949c06a48d2741d31f49099170","1E-18","No"
"0xfb23c698eed88a10f9c677b46f10f375f6388bb3","16.6666666666667","No"
"0xfb9749e45b2373dfa252cdc62865a91ef8fafa8f","1E-18","No"
"0xfd061ebc184b8516a4d53de427fc540650954649","1E-18","No"
"0xfdcddb6644a71bccc422ae1e7917a9c124f255c7","1E-18","No"
"0xfdea434aaa2668b0badc32502e41b2d5cda88cfd","1E-18","No"
"0xfe2496865a5e3bbee67a9b867e02f2811fca71fb","1E-18","No"
"0xfe75c34e331704caf23a382e959528779c7739d3","2E-18","No"
"0xfecaf0d5551a0a9fcc58d2d30aeaf6f7ea965609","1E-18","No"
"0xff12c0d6f18d395c90193c6cde2d1b3ec57b4781","285.714285714286","No"
"0xff271c4ccb4f7dddad2f4f9452f1b1c2a9fe9a7c","1E-18","No"
"0xffa77394512c8167fd3b933605fe6c042403087a","13.3333333333333","No"
"0xffbcb15cdc66dc9cf603fd87219b7c7e65d2733f","15.2857142857143","No"
"0xffd47f2cbbebe9469caec6e7d7681f556d101088","2E-18","No"
