"Txhash","Blockno","UnixTimestamp","DateTime","From","To","ContractAddress","Value_IN(BNB)","Value_OUT(BNB)","CurrentValue @ $364.82/BNB","TxnFee(BNB)","TxnFee(USD)","Historical $Price/BNB","Status","ErrCode","Method"
"0x5d627cac99b07c4aaf7aade2226454ccbecfbdc61c83a399008c1688cfa889c1","14283391","1641938243","2022-01-11 21:57:23","0x2a479056fac97b62806cc740b11774e6598b1649","0x9ba0dce71930e6593ab34a1ebc71c5cebeffdeaf","","0","0","0","0.00022177","0.0809061314","463.38","","","Approve",""
"0x397a099c842f4d44315e949efa34fc083b0a26bd139dd312a6010dae04fd0d8a","14389967","1642258602","2022-01-15 14:56:42","0xc43d08e5c59cd9ce34144e337829bade934fe9da","0x9ba0dce71930e6593ab34a1ebc71c5cebeffdeaf","","0","0","0","0.00022177","0.0809061314","494.66","","","Approve",""
"0x6ea57c00f4b54e89dbf23281b856ae63a8848618252ccbf1057b18e4ade23067","14390102","1642259007","2022-01-15 15:03:27","0x29aec2e84d9f5aa21d423ddb80e400cae1a49d48","0x9ba0dce71930e6593ab34a1ebc71c5cebeffdeaf","","0","0","0","0.00022177","0.0809061314","494.66","","","Approve",""
"0xfee5e9553d698e8ac4eeb9547ce279d159cf5be698ce2c76bc31afab781ca8b9","14431088","1642382459","2022-01-17 01:20:59","0xb43a38376e4aaa9fb0c13ea9bdac4eb1e137d747","0x9ba0dce71930e6593ab34a1ebc71c5cebeffdeaf","","0","0","0","0.00022177","0.0809061314","475.45","","","Approve",""
"0xe720d752cf2cc97365e2372f9b94eb5b3f29fe328011528b43e2aa03a3ee9bf7","14431184","1642382767","2022-01-17 01:26:07","0xfd7519d92e81dd7e7b359217e28745bcb4966c4e","0x9ba0dce71930e6593ab34a1ebc71c5cebeffdeaf","","0","0","0","0.00022177","0.0809061314","475.45","","","Approve",""
"0xfab295b27eb1415724e1c7c5b2f2656882ab105173fdefdf7d5b1c52ca28f4da","14444821","1642424064","2022-01-17 12:54:24","0xd5bdca2d680fd5e26e394a44b5cec9ac2b356169","0x9ba0dce71930e6593ab34a1ebc71c5cebeffdeaf","","0","0","0","0.00022177","0.0809061314","475.45","","","Approve",""
"0x074a09a8b9401c70f8545e5d695942a886e85a01feebe884505718596c8f67b4","14455568","1642456755","2022-01-17 21:59:15","0xc71816b582d92c1da79c85f61466be33b137e622","0x9ba0dce71930e6593ab34a1ebc71c5cebeffdeaf","","0","0","0","0.00022177","0.0809061314","475.45","","","Approve",""
"0x6bd7ce2bbcdb0a50f95df953fa6c143df41259094080fc5e3d8b9d2b8fb04e03","14496587","1642581212","2022-01-19 08:33:32","0x22216a348647a297089970dfad28064babf01495","0x9ba0dce71930e6593ab34a1ebc71c5cebeffdeaf","","0","0","0","0.00066531","0.2427183942","462.11","","","Approve",""
