Txhash,Blockno,UnixTimestamp,DateTime,From,To,ContractAddress,Value_IN(BNB),Value_OUT(BNB),CurrentValue @ $375.49/BNB,TxnFee(BNB),TxnFee(USD),Historical $Price/BNB,Status,ErrCode,Method
0x7d8ebe95677c2cf38226667945aad98cb4d52fc1e8f1a38ffa4a3b230b1e8ae4,14279238,1641925784,2022-01-11 18:29:44,0x0590f20a7f1b6799979d2d59d10242e1081d8d9c,,0x27df46ddd86d9b7afe3ed550941638172eb2e623,0,0,0,0.03559218,13.3645076682,463.38,,,0x60806040,
0xf9e6c35c69134f6bed9df1f55648fbec254f2499f07ce3012f60d60361bc7805,14281596,1641932858,2022-01-11 20:27:38,0x0590f20a7f1b6799979d2d59d10242e1081d8d9c,0x27df46ddd86d9b7afe3ed550941638172eb2e623,,0,0,0,0.000896765,0.33672628985,463.38,,,Initialize,
0x688e3eb263bee9bee9afa21a5b24c72d3bfe7d4093776bcc6b968f8df22ba3da,14304432,1642001565,2022-01-12 15:32:45,0xab3ee4425673e4903eb4f527a47e239f01de242e,0x27df46ddd86d9b7afe3ed550941638172eb2e623,,0,0,0,0.000180765,0.06787544985,487.51,,,Transfer,
0xd965159dbca8bc4573ff2c8a64db1409b97afd4c036f37036604528e119263e5,14409441,1642317263,2022-01-16 07:14:23,0x9ce6d41f454bd78780abe6f1b99d4ef693db92d4,0x27df46ddd86d9b7afe3ed550941638172eb2e623,,0,0,0,0.000222035,0.08337192215,498.67,,,Approve,
0x9ca41a3f9b355d8baa62c330b2b7792b800683dd672767f12a24f3681e1c9387,14448644,1642435799,2022-01-17 16:09:59,0x9007bb98c3c2ea1fd9114bd33f2315b37a863ad9,0x27df46ddd86d9b7afe3ed550941638172eb2e623,,0,0,0,0.000180765,0.06787544985,475.45,,,Transfer,
0xc6c02028e4e2ef0d59fd678d419f8106e2b450801cdcc3e6babbe0af0e65e79e,14471604,1642505298,2022-01-18 11:28:18,0x487b16d67c52aa58b1c4d610aef5b83c2209447b,0x27df46ddd86d9b7afe3ed550941638172eb2e623,,0,0,0,0.000222035,0.08337192215,471.43,,,Approve,
0x147fbb248253493132eb23ee1a9c575ad667e29f3057af6209c77ff89a38ccdb,14483121,1642540702,2022-01-18 21:18:22,0xf0f9a298b96e645e7a96918b5bfa99bcc778a9b0,0x27df46ddd86d9b7afe3ed550941638172eb2e623,,0,0,0,0.000255885,0.09608225865,471.43,,,Transfer,
